subject,broad_cell_type,timepoint_merged,day_merged_numeric,n_cells,Pattern1,Pattern2,Pattern3,Pattern4,Pattern5,Pattern6,Pattern7,Pattern8,Pattern9,Pattern10,ifn_program_score,translation_program_score,mito_program_score,plasmablast_program_score
Subject2,B_cell,D0,0.0,25,0.07714532093072198,0.026569601213673185,0.024548875818282426,0.15064535578698277,0.13349956398657017,0.004986814464782005,0.03225029553703734,0.0005868448770706903,0.0002350158928929452,0.7774316823482513,-0.21093415704568236,1.7643288766121392,2.750637316894532,0.04384002631505334
Subject2,B_cell,D10,10.0,19,0.05785021927400327,0.015283069807824892,0.12845653001415103,0.15070663177022264,0.05700292639299305,0.009481510192047491,0.05704914270186452,0.0011667716651940815,0.001365685656834018,0.6543706247681067,0.6746747319740158,1.2605005877870756,2.5409060488249127,0.1338721933281212
Subject2,B_cell,D14/15,14.5,8,0.0617173491422704,0.00277786750984884,0.08266284133060262,0.15677937865257263,0.06830641894293871,0.005118663975565591,0.10509118623099313,0.0002997691542105775,0.00011726638927454132,0.7401413656771184,0.3121373895804087,1.4590811948387001,2.421869344711304,0.02591885437568028
Subject2,B_cell,D2,2.0,15,0.08275898524649765,0.03713758281483023,0.024901043860272233,0.1411705167226804,0.13900085287065547,3.7864791769000826e-06,0.028518216061487064,1.0218318311669508e-05,0.0002471089171473259,0.7717830181121826,-0.1590683906873066,1.7832139002222596,2.7849033813476565,0.10225365681118441
Subject2,B_cell,D28,28.0,9,0.0799343526584582,0.011897528028981693,0.0336981711806312,0.13933227899380843,0.07608209476812691,0.013833921300147259,0.06605071144829497,0.006546733796312773,0.0037773882211240323,0.708291404777103,-0.18925074082833754,1.7072648645258266,2.5326050398084856,-0.0765092877988463
Subject2,B_cell,D4,4.0,22,0.0702949696521115,0.033656485894136334,0.008371771061820143,0.15543289262462748,0.15406081458414433,0.010664923256588178,0.04467348767997431,0.0011923592023182752,0.0004211028182477918,0.7088343257253821,-0.2584772111249692,1.7364206539677776,2.6742058320478965,0.11043712128292436
Subject2,B_cell,D6,6.0,28,0.08213428786465163,0.03336952655344506,0.010220557608600642,0.14892317302753463,0.13925260812897025,0.011789414300080485,0.03033314616492682,0.002157716412548484,0.01560503504582403,0.6905480234750679,-0.32779755194981897,1.8481536125302662,2.8139546557835162,0.06369341891436359
Subject2,B_cell,D8,8.0,22,0.11788999957210228,0.02815407700701914,0.012777322583645554,0.10866199321203976,0.15557388168245337,0.01603198007236206,0.12870811950383335,0.0019096159099014826,0.006732347519174603,0.6138481118462301,-0.2935771279714323,1.7320071958655106,2.6753787058049983,0.12943470201709062
Subject2,Monocyte,D0,0.0,21,0.026843791780612178,0.7833034864493779,0.028324705559648288,0.10780315584547467,0.24828031968735592,0.03159446904963182,0.01804261004585462,0.0213092462498545,0.008101501494766534,0.06197081448435081,-0.1669132106644768,1.1615499831497145,2.831455619448708,-0.010894700629370651
Subject2,Monocyte,D10,10.0,24,0.029769791583460645,0.6182452111709911,0.33090777384738135,0.12433687231451528,0.15895356406629924,0.021873651516713725,0.001971543797040441,0.10463124342883628,0.021382813598613354,0.0831555641269309,0.9725722258620787,0.7007094430071968,2.4329351711273195,-0.05510230605800947
Subject2,Monocyte,D14/15,14.5,9,0.004813188776324744,0.5916806062062582,0.25380437738365585,0.17302987972895303,0.1350073849316686,0.016549622909021997,0.0257884664966797,0.1873001572158601,0.002856445363702188,0.04634661113798044,0.7805897627936472,0.7149455996057079,2.4826572587754985,-0.07670637029188652
Subject2,Monocyte,D2,2.0,14,0.03064853007572104,0.7145671589033943,0.03700672957737528,0.13266568484583083,0.21858566295278645,0.032369338808377626,0.07504312832614746,0.05269265757903798,0.020759162708470412,0.05248384384361775,-0.23381085435549426,1.2344003717683858,2.787321717398508,-0.11196480274200435
Subject2,Monocyte,D28,28.0,31,0.20219595699135456,0.47276232319493444,0.12144767315302737,0.04321625151784505,0.16968311952258514,0.002153160301696006,0.037256580022284075,0.26985619385396276,0.003617137126516845,0.07439039599905901,-0.032449722597675944,0.9667818547864735,2.61984390258789,-0.17356218305967192
Subject2,Monocyte,D4,4.0,14,0.023479472896618912,0.6983353516885213,0.029991750766332776,0.11666187768735532,0.21109754418349835,0.03086229797840392,0.035625881731480784,0.08164638331152625,0.014652437616066175,0.06523465830416944,-0.26568042085284277,1.2507733007561714,2.620882712772915,-0.058629954528240893
Subject2,Monocyte,D6,6.0,16,0.07577857293958336,0.6746734641492368,0.04344261534235682,0.11101168696768579,0.15603098659642,0.02265012100360761,0.023830685767478595,0.034771684841160735,0.024898508947842398,0.07686492387590246,-0.08461480391522225,1.3347740022807695,2.8103106117248533,-0.06928162579735113
Subject2,Monocyte,D8,8.0,21,0.03864861347275502,0.6443288581711906,0.06042141030703673,0.11208790325309521,0.09980810077202235,0.04200531161978508,0.04687157129670335,0.02810197171943618,0.014056329750402354,0.08036595170223053,-0.08880128482977552,1.2105952846528947,2.7050142597016835,-0.12296710269791744
Subject2,NK_cell,D0,0.0,10,0.14768069274723522,0.020677509199595063,0.053045929502695786,0.42528811395168287,0.06946684551876384,1.158589629994821e-05,0.06751590989708804,9.006400046018825e-06,0.4307282105088236,0.016353981002066566,0.20562526623408015,1.1978516116434212,2.517162101745606,-0.08094194595019016
Subject2,NK_cell,D10,10.0,3,0.15581466462511645,0.00014066356137239,0.23846793671449032,0.272814095020294,0.15184344847997044,0.0,0.18358062456051527,2.54088566483309e-06,0.3957609434922537,0.0003163790873562,1.1366418022579623,0.909467663894706,2.1253450012207034,-0.031766875584920196
Subject2,NK_cell,D14/15,14.5,28,0.11029738271556813,0.019153350399262435,0.2663356965141638,0.39917148303772715,0.39083227249128477,0.006124603551459778,0.031169432943901895,0.00560912082492848,0.5936689121382577,0.01037451090675033,0.8644091819581533,0.6729132443579573,1.7777480370657786,-0.1436011878223646
Subject2,NK_cell,D2,2.0,10,0.18996271886280752,0.02793414342813775,0.035175634437450726,0.4097296088933944,0.07347795041423524,0.0016342260366286599,0.07070809092547284,0.0008084259930853823,0.4291780516505243,0.0124573867113213,0.021045768936475175,1.1951327771556632,2.815434730529786,-0.08605904261271154
Subject2,NK_cell,D28,28.0,12,0.027177743467421533,0.0026854074726543145,0.075545351797094,0.4623332401468781,0.0741290664326092,0.01734435820121877,0.05225997228535568,0.010014288730114148,0.5143456434210142,0.005539829114866262,0.15518781794442074,0.856974328253545,2.014016269048055,-0.1351393310891257
Subject2,NK_cell,D4,4.0,8,0.14773813867941502,0.015672464114686584,0.010873533309677417,0.46224168688058875,0.01473167556267183,8.825661810263348e-06,0.02246216427033679,9.360511967315693e-06,0.4450841583311559,0.0004670556023711378,0.09336326420307142,1.0548127403064638,2.61334825515747,-0.10138965348402679
Subject2,NK_cell,D6,6.0,8,0.1782604225154498,0.014616177111747657,0.023049932130106723,0.40220071375370026,0.050976520659105566,0.005395103484545417,0.06397678128769257,0.00012778397008616523,0.4288978576660156,0.009275721078665818,-0.009210389455159673,1.0491751024917675,2.7001134204864514,-0.09460459460814799
Subject2,NK_cell,D8,8.0,3,0.06812960670841062,0.013877319871729294,0.019784152977081228,0.32546536624431593,0.21943755470764859,1.5158323852422965e-06,0.08679852634668343,0.0005117792170494667,0.56573752562205,0.012493833860692867,-0.11025690396626782,0.781884191798515,2.4375774383544937,-0.1036227019627889
Subject2,Neutrophil,D0,0.0,2,0.02109213604126125,0.0011578339390325657,1.80662664206466e-05,0.00057187431957565,0.03550280816853045,0.00019081576283494522,0.02375393453985455,0.0135074784047901,0.00033545107726240487,0.00095940145547495,-0.06290618896484375,-0.162703830368665,0.712036647796631,-0.0232882511615753
Subject2,Neutrophil,D10,10.0,13,0.01058692797461769,0.014322749401869173,0.0076405499962985636,0.015271769487681065,0.024723788204517823,0.004166692215781357,0.044718511914162755,0.015684808536696855,0.008289749106132534,0.00918673353323983,0.0008843746552101145,0.0026228106237093673,1.0244931719853325,-0.039780822044763825
Subject2,Neutrophil,D2,2.0,3,0.0009958802996455102,0.0103494522142379,0.003787306588928152,0.006817820947617233,0.05386630197366077,0.003220765305741221,0.029568302134672802,0.007319258564772666,0.0007299713027653231,0.0027156657306477,-0.065185045003891,-0.08431743642910787,0.4746260801951094,-0.01945754898919
Subject2,Neutrophil,D28,28.0,3,0.009423152965609877,0.005223664291406735,0.0096309188205244,0.0003020833901245667,0.035336218929539136,0.0001430492520739701,0.027430866534511236,0.004538849888679859,0.00028389809691966797,0.008589335221889368,0.158613656891717,-0.0830709999110422,0.12640568415323902,-0.0225325478447808
Subject2,Neutrophil,D4,4.0,5,0.0198586689890362,0.0017929888948856262,4.772937554661796e-05,0.00751227651198858,0.05490508303046228,0.0004630512967196139,0.045737811177968976,0.01501000830903646,0.008443086956685874,0.00048360851869799553,-0.04953441246350598,-0.05781826230944427,0.6719532737731927,-0.0332342144648234
Subject2,Neutrophil,D6,6.0,4,0.0003909392785316963,0.0018537589608058594,3.1376688497175564e-05,0.019142924664265575,0.05653961002826688,0.00017363046913485377,0.05217540729790925,0.005985779322145376,0.00027689581702358457,0.00042179200136158716,-0.061526167392730695,0.019287214443391675,0.2562104392051698,-0.026748791933059676
Subject2,Neutrophil,D8,8.0,4,0.010161580671592644,0.0001725041447571128,4.52982691285611e-05,0.02249194879550485,0.05990481050685052,0.0007947014324826938,0.045639648396900157,0.0208030715584755,0.014549355586950686,0.0010458118049427702,-0.06973155498504648,-0.018457005522689182,0.5260530412197109,-0.0416117294629415
Subject2,Plasmablast,D0,0.0,1,0.159777268767357,0.0782889276742935,0.0166213735938072,0.0254022516310215,0.789654076099396,0.0603489801287651,0.0004224387230351,8.7356151198037e-05,0.0288689751178026,0.255145698785782,-0.28747420390447,1.55213701481722,2.12246971130371,1.47139653523763
Subject2,Plasmablast,D10,10.0,4,0.11709990166127678,0.11043936225178158,0.12909791991114591,0.08165694713943596,0.703759118914604,0.02543921954929825,0.002746954196766156,0.004613645703102513,0.02317823904741089,0.41324748471379275,0.5093773555755613,1.4167754589294899,2.043875331878662,1.4272839752833038
Subject2,Plasmablast,D14/15,14.5,3,0.08503351857264833,0.0225011140476757,0.0881803917388122,0.09027291834354396,0.8836144606272377,0.05470805366834003,0.007998128091761201,0.037213417390982335,0.014240621176819901,0.3278734982013703,0.1449228954315185,1.062496469945323,2.625689646402997,2.143181150224473
Subject2,Plasmablast,D2,2.0,1,0.211147546768188,0.10719171911478,8.32608129712753e-05,3.66074914381898e-06,0.155817598104477,0.0,8.61850930959918e-05,0.0,0.0270092394202948,0.384175777435303,-0.454178807338079,2.38188450190486,2.24360885620117,0.541838808059692
Subject2,Plasmablast,D4,4.0,2,0.13286652829265244,0.09775454923510546,2.018067535303205e-08,0.11867355927824996,0.3883141949772835,2.7344717068444854e-06,0.00016218255950657903,0.0302624301984906,0.0058910498337354,0.42137071490287803,-0.3224054739872615,1.721164447920665,2.18140676498413,0.883719703356425
Subject2,Plasmablast,D6,6.0,3,0.19424430529276535,0.05376019577185304,0.018226424812060774,0.08491917635883804,0.6044834852218627,0.029620537560006707,0.009736597650468524,0.018250747786320676,0.1545109717020143,0.3161853204170863,-0.5104196348455217,1.5733166908731266,2.3223059082031234,0.9605482334560792
Subject2,Plasmablast,D8,8.0,2,0.12862741202116,0.001844362466727023,0.018205951455456677,6.102882693426201e-06,0.5454181432724,0.043946504078917314,0.00010935198952206845,0.0761305252090097,0.02864988939836625,0.365010716021061,-0.20071437696615851,1.141009712705805,2.911998863220215,1.51040051460266
Subject2,T_cell,D0,0.0,141,0.24271477762393806,0.005680359889793901,0.039836256316082015,0.1728973216299452,0.11174670119750443,0.030659688447421774,0.5591618118556678,0.002171307320254795,0.04480417805974932,0.011934637544120516,0.0051182450808531735,1.9211437260643893,2.481979833562323,-0.17337872541260776
Subject2,T_cell,D10,10.0,137,0.21393699879888448,0.0033072095251493383,0.14822589605706982,0.12414191386218558,0.058290360142676585,0.06191472567467947,0.45786177458657,0.0007560315303165731,0.05611561100833697,0.013349963572826237,0.8075489216245294,1.4622486290092818,2.2421626844197298,-0.1710508754943699
Subject2,T_cell,D14/15,14.5,152,0.1571442713407138,0.002437415036735449,0.09717559323282587,0.13911110771433088,0.16533184007207966,0.062489140230388124,0.6349674796840287,0.0023594171541546144,0.050365620314391416,0.009727567675040535,0.2407627408075751,1.651912319897069,2.0666272246210196,-0.1934934870519659
Subject2,T_cell,D2,2.0,157,0.23890554464167793,0.008111840536188363,0.024872676294105688,0.20912807637772174,0.12040858761797697,0.04152346034609352,0.5719959672959744,0.0007580947337321581,0.040527209421001,0.012477044798578984,-0.12681328801592448,1.9004885041789643,2.4955601839199186,-0.19351751798530548
Subject2,T_cell,D28,28.0,145,0.23308747179447195,0.0015274433120206028,0.03419576587032467,0.12866104940909714,0.06699363782972247,0.06521007828260374,0.5326748082735415,0.002022479006505801,0.031841286733730614,0.006469045879601963,-0.04141002202033994,1.7401573446919434,2.204259167375236,-0.1668841207685142
Subject2,T_cell,D4,4.0,149,0.16104006774011062,0.006176898565231762,0.013453185296964055,0.2052698918405379,0.04912585773424945,0.060099102635106275,0.5210601086846692,0.001710724985932501,0.026095702904807186,0.010782126588697176,-0.1633946093776882,1.970234422451208,2.556603239942717,-0.16996933069805167
Subject2,T_cell,D6,6.0,141,0.2215276566728609,0.007098483708803147,0.021043825909929443,0.17823668088101785,0.07381056852565948,0.028682918647722606,0.5521952788323481,0.0014988245523600517,0.04948892944012261,0.014636370885247881,-0.12008277248828968,1.945696796620698,2.53797440522106,-0.19333622542960704
Subject2,T_cell,D8,8.0,148,0.2316516169616098,0.0055312943211214965,0.020916382017998163,0.1249497633406597,0.0619295133447929,0.04006078632774931,0.5418116471956711,0.0015550620872506816,0.04710019084769298,0.01721937901274583,-0.1637662468165965,1.9407594468602802,2.3941212087064176,-0.15865880245292507
Subject3,B_cell,D0,0.0,21,0.013390925586150753,2.9835771444130046e-06,0.009033139508645637,0.011803754576571153,0.16217988714154113,0.3309261997540792,0.008633313764107678,0.032796845159498905,0.008564802159942988,0.6184721773579007,-0.2739063533147176,1.9968777062014782,2.821044251578195,0.2704635238269019
Subject3,B_cell,D10,10.0,6,3.783416246960767e-08,3.1828339312293433e-07,0.17979654793938007,0.0037188710243280265,0.016463834194989126,0.24311632166306185,8.61105011532951e-06,0.01228805972035236,0.0024409311743246085,0.6214965780576068,1.1522589598761648,1.7323534440021133,2.794423395792643,0.18876254293653716
Subject3,B_cell,D14/15,14.5,6,8.5831952674198e-06,1.3516078998539639e-05,0.14881613478064543,0.008613912191651231,0.16935387874643018,0.3097977687915165,0.01049975457522123,0.010110692174445497,0.009750439509465029,0.5907370746135711,0.8031607770919794,1.7854840122923568,2.7998436101277666,0.3414839046531255
Subject3,B_cell,D2,2.0,8,6.971140408040803e-06,8.91410849135355e-07,0.010522511566023239,0.02382766553926529,0.10479486652184272,0.26236711069941526,5.9683465650533734e-05,0.025743267995949275,0.06699853029618913,0.600602298974991,-0.19823754370212557,1.9956951481955387,2.918824100494384,0.04600753257671999
Subject3,B_cell,D28,28.0,16,0.0005101443925923352,5.15409017864954e-06,0.012329729553112389,0.015031571241339208,0.15657598266987813,0.306151170283556,0.004282112424615288,0.024137286043185217,0.11694484781210682,0.5447814259678126,-0.11129247928659125,1.9424122991610524,2.6055267524719237,0.1964867605765661
Subject3,B_cell,D4,4.0,16,2.114609647207491e-05,4.603659792223838e-05,0.012333918503753082,0.01175487596293214,0.19648719438005455,0.33364078029990196,0.0026873817998307433,0.029908342700764465,0.15289511384381888,0.5710139386355877,-0.1712170702219009,1.931144081512275,2.87802939414978,0.16971154908339176
Subject3,B_cell,D6,6.0,16,0.010149170419220248,0.002091432331667422,0.013865278137075138,0.007984614521713382,0.24030392982649576,0.3168536089360714,0.019129810552302996,0.033382661896666846,0.05556326245017026,0.5629569962620735,-0.17002012928326932,2.0616802840816733,2.8490007781982425,0.18858657660583647
Subject3,B_cell,D8,8.0,15,0.00015170765768743015,2.435375677123377e-07,0.027053872883444314,0.003163069677001395,0.16434983758548086,0.3105296254158019,0.010282070139442104,0.03142150329683015,0.07457891894547022,0.5662912487983702,-0.08419337942865164,2.022100028537569,2.8661640726725253,0.2298344108793468
Subject3,Monocyte,D0,0.0,40,0.01682490638353894,0.03965394871460431,0.05530548913332591,0.06865958310418818,0.23201147641360934,0.07361720998321036,0.019199498452888968,0.7331326514482498,0.022795590085512157,0.06824349591275902,-0.27898987554510435,1.35691932093124,2.7623679599761966,-0.12234015295406184
Subject3,Monocyte,D10,10.0,48,0.01615926052969503,0.01915642351946662,0.5921300991127888,0.02949378316794539,0.22558039184436993,0.032896442976699504,0.008651429308064467,0.7023279623438915,0.04366246304310121,0.05266410684328093,1.5277048851384054,0.8015766689667894,2.359698465665181,-0.21956377251280676
Subject3,Monocyte,D14/15,14.5,53,0.01919278790209112,0.03571771738045256,0.5363999425240282,0.039127578188586906,0.19387454976107332,0.03615489604568265,0.014064016897760975,0.7039812938222345,0.02649534513581425,0.0316501679596957,1.2937244379295494,0.7315425452563595,2.0740089517269498,-0.19170647196424825
Subject3,Monocyte,D2,2.0,33,0.03482914682738491,0.057772439384500524,0.04667546493942177,0.08221958348864644,0.21685939502327237,0.07357868050705677,0.007036185898121424,0.7147715570348683,0.017867923770163902,0.0686303649770632,-0.3334934720547512,1.420166556895627,2.7708175566702176,-0.16747340155370302
Subject3,Monocyte,D28,28.0,34,0.02941750668349595,0.01822482465259574,0.05219193959791508,0.05751535308328018,0.20630320491940024,0.1284241578379057,0.01567808747809935,0.6903417298898977,0.059207827214480584,0.06750250691079464,-0.20160129925783932,1.4654059553919143,2.720336302588967,-0.1244438293400932
Subject3,Monocyte,D4,4.0,34,0.01892804312625508,0.04194693102979672,0.08193644677333747,0.07533261987255706,0.2826083516852524,0.05991781001937532,0.011426480756257967,0.723016717854668,0.05203558974657636,0.08117330565958893,-0.2660892555292915,1.3311785350040513,2.698745521096623,-0.22311193438137278
Subject3,Monocyte,D6,6.0,31,0.01868761715229676,0.028098280321050006,0.06615775381813895,0.0464904323014244,0.24191898514829385,0.08382301626636854,0.038119597439190564,0.7312997002755443,0.04875546933512042,0.060129788384132986,-0.23261768178914186,1.3922127432694473,2.754755340083953,-0.15103402306956626
Subject3,Monocyte,D8,8.0,42,0.017096134655109337,0.03911403657827707,0.1451913212470649,0.08226714637970142,0.24029700142133673,0.031185876608314306,0.008399272703722233,0.760633477142879,0.011765394934857079,0.05546097535779199,0.1700874341480317,1.3498913268074464,2.790491521926153,-0.16070040589760218
Subject3,NK_cell,D0,0.0,57,0.06758202938716579,0.0023581232631080993,0.010638301678144741,0.034263593024468054,0.08050912533954249,0.49300612430823476,0.03281036437799824,0.00422546645274067,0.5366371050477028,0.02834894045251425,-0.1260391350099218,1.6518466118369695,2.705183507685075,-0.14506584516742774
Subject3,NK_cell,D10,10.0,89,0.04719326664370909,0.0004544111251487711,0.2374950469879622,0.024639065131719984,0.07390040712429033,0.42013406853997304,0.01908538578634261,0.0037436092545256876,0.6644107459971075,0.016167751189017417,1.248000747344914,1.1865522021193267,2.469667486555121,-0.1532131910011563
Subject3,NK_cell,D14/15,14.5,80,0.038435513005187945,0.0007027874559492191,0.17222008096578065,0.038894014981445464,0.07909969375162049,0.4437388890422881,0.0123335167018915,0.0024153978116100102,0.6813474860973656,0.013162179008202901,0.787364431500435,1.174133981004053,2.0644472246170045,-0.10429871891935671
Subject3,NK_cell,D2,2.0,77,0.050532365675151354,0.0017984474563724126,0.00702901131082803,0.07151594196663873,0.03784504963419903,0.4524558604537667,0.014705999501892561,0.0034323168952023453,0.5826649476181377,0.022694008184080523,-0.07259779547200056,1.6371854231839724,2.744602942528663,-0.17522212102815704
Subject3,NK_cell,D28,28.0,85,0.04687700598344688,0.0022414260200110518,0.01934403211896906,0.0242193598932581,0.06006832870724599,0.47256578022942825,0.026661731233915496,0.003269795882425457,0.552272246164434,0.023022343842491546,0.02627716328116024,1.652144862137207,2.5041824058083924,-0.13858612658930758
Subject3,NK_cell,D4,4.0,79,0.04615192561628381,0.002984705190968556,0.013140955842156394,0.04988072278158083,0.07268164645150016,0.4730967241751996,0.02146725995873302,0.006190101213697558,0.624836541617973,0.021903231285995226,-0.0788413812440156,1.5723028057337856,2.7969509559341623,-0.1427359296953628
Subject3,NK_cell,D6,6.0,82,0.04915970124768978,0.004444852012451227,0.018154502590263303,0.04143169037439573,0.09338111992252396,0.4501479742367092,0.03599430800087947,0.006168988574234547,0.5762113089241633,0.017358939504642117,-0.051280433472579094,1.6611426233829933,2.815898668242664,-0.14638845400112432
Subject3,NK_cell,D8,8.0,91,0.048447932957958205,0.002824806406147582,0.025472915687294123,0.05165007439730808,0.09493927966090263,0.490573634321873,0.025172728739623815,0.007022736999784886,0.6252729373646307,0.016705597165176382,-0.03723699774934259,1.6073440067114175,2.7030054666707803,-0.13100875276785628
Subject3,Neutrophil,D0,0.0,1,0.0001158810846391,0.0001868661493062,2.00816302822204e-05,0.0013329079374671,0.0259742438793182,0.0002193011023337,0.0585584007203579,0.0026926102582365,0.0001416645973222,0.0110281361266971,-0.0724755160013835,0.461170032316325,0.0650233888626099,-0.0281414159138997
Subject3,Neutrophil,D10,10.0,1,0.0109716337174177,0.0165367256850004,0.041132964193821,0.0001834688737289,0.0161082427948713,0.0007476265891455,0.035056184977293,0.0404859222471714,0.0013958325143903,0.0004906984977424,0.250768807729085,-0.199699207228057,3.73212566375732,-0.0323272323608398
Subject3,Neutrophil,D14/15,14.5,1,0.0008508717291988,0.0003035411355085,0.0243279188871384,0.0002377557248109,0.0056242779828608,0.000470517843496,0.0415064357221127,0.0195452552288771,0.0341482423245907,0.0004034359881188,0.0562912452220917,0.176831418154191,-0.0108258056640625,-0.0412055206298828
Subject3,Neutrophil,D2,2.0,2,4.3719091991079053e-05,0.00016599092350584176,1.650174397127559e-06,0.0133072647513472,0.03848991077393295,0.023895199643448,0.0259161138674244,0.02326879650354385,0.018230590329039852,0.0008982252288660655,-0.0614945141474406,0.01463311849808205,0.686916999816894,-0.03165127118428545
Subject3,Neutrophil,D28,28.0,5,0.0003994438290646675,0.0038695567898684954,0.0031803305751964004,0.00493010629143096,0.0507960805669427,0.008185418198627274,0.024989249161444578,0.014972582298651093,0.012083677627379061,0.004601434753840275,-0.07720832570393879,-0.17463632298975568,0.28435596847534167,-0.03040670776367186
Subject3,Neutrophil,D4,4.0,2,0.000631274581564838,0.00010581828769313301,1.5623181418844537e-06,0.01058691967045885,0.045326572842896,0.0200539589859545,0.03783788718283175,0.0273067820817232,4.55769608151968e-05,0.00012599788260554584,-0.0804984124501546,-0.006334520800381299,0.11127267241477956,-0.0145934001604716
Subject3,Neutrophil,D6,6.0,6,0.0024152828918886245,0.000290923549376484,0.00012337202436657095,0.00761556350820075,0.05124314222484825,0.003533220119910119,0.047265786056717246,0.015389044148226567,0.008333647415080718,0.008200005192823758,-0.06717338780562084,0.1753387739058255,0.3933225496610003,-0.03323093785179987
Subject3,Neutrophil,D8,8.0,4,0.0002707618900785562,0.0006575985207746224,0.003927656361952348,0.010744679902018104,0.0314838769409107,0.006826365555752951,0.053644529734810924,0.0256215634290129,0.011223381952731825,0.008922113382141075,-0.08788885732491825,-0.08941036903736527,0.39835324168205277,-0.037311506668726575
Subject3,Plasmablast,D10,10.0,1,0.124414347112179,5.22992877449724e-06,0.195048809051514,0.0671911537647247,0.253852874040604,0.116227105259895,0.0002240303292637,0.0268277749419212,0.0079266913235187,0.0631916970014572,1.02056229273478,1.57608097426745,1.88738513946533,1.84773631413778
Subject3,Plasmablast,D14/15,14.5,1,8.82675449247472e-05,0.0,0.14650259912014,7.93219442130066e-05,0.797341585159302,0.111449256539345,5.99951135882293e-06,0.174382627010345,0.0261918101459742,0.389912515878677,0.490909067789713,1.86749836863304,1.94622463226318,0.728281936645508
Subject3,Plasmablast,D2,2.0,3,0.0577317867428064,6.112828714321934e-07,0.013677096871958836,0.026604540442349372,0.8110872705777487,0.09542375306288386,7.647118964841865e-05,0.19454707205295566,0.06484953810771306,0.374694546063741,-0.435330452124278,1.7975075893661634,2.5512634785970034,0.702975920041403
Subject3,Plasmablast,D28,28.0,1,0.0363401398062706,0.0,0.0023710990790277,6.05550170007518e-08,0.744561016559601,0.164485320448875,7.98025848780526e-06,0.118380308151245,0.05259894952178,0.43023756146431,-0.572684256831805,1.90460119442064,2.23621032714844,0.838225879669189
Subject3,Plasmablast,D4,4.0,1,0.0738444253802299,0.0,0.0002641681348904,8.33799931569956e-05,0.751360535621643,0.0976386144757271,0.0,0.173282161355019,0.0374832004308701,0.415292531251907,-0.310833463668823,1.66374167617486,2.14187324523926,0.865340379079183
Subject3,Plasmablast,D6,6.0,2,0.0001423681214873584,8.0174695540336e-06,0.005580191856442888,0.04209426145560259,0.7126611769199375,0.16822229698300348,3.43812016581069e-05,0.134911239147186,0.20169964060187365,0.361980855464935,-0.414895803928375,1.78829364630641,2.37186273574829,0.6730885998407995
Subject3,T_cell,D0,0.0,81,0.09642244628296016,0.0021497162391891787,0.01827136920907214,0.01618068148675764,0.05723301065917674,0.613422065237422,0.28622530179507766,0.0038920616736064484,0.04275753425001079,0.009916739207105698,-0.09278540501869265,2.043140032273992,2.585154155213156,-0.1478783419838658
Subject3,T_cell,D10,10.0,55,0.08427788001787456,0.0004971372355839735,0.20441027893261474,0.007849290592776068,0.0774940027053702,0.6112472149458799,0.28696445632614825,0.0024087950071971483,0.038070500159178795,0.005293605777962074,1.0490639000516948,1.7224384970479198,2.3593482305353337,-0.17132257374850185
Subject3,T_cell,D14/15,14.5,59,0.06569655437729642,0.0010144886878864661,0.1595092589761746,0.01881313980848236,0.09613064699038598,0.6342941569440635,0.30010044841944006,0.0036845185285929887,0.0395601025390046,0.007763568465658867,0.6457153458514455,1.6968820182892006,2.0270349509029066,-0.1838078939712654
Subject3,T_cell,D2,2.0,77,0.08175728821510786,0.0031899669534665156,0.01573977186556633,0.04899050490953321,0.09881959930073929,0.6725537788558316,0.25017422626049,0.004381555199006752,0.032460218114111726,0.009956916665838018,-0.09065755823473906,2.0860872137871973,2.591989963581036,-0.1630527838122793
Subject3,T_cell,D28,28.0,59,0.09012039416529467,0.0022345030724387036,0.021649383800557816,0.0085761966634794,0.045750922631431795,0.5991074915154505,0.24558069551459102,0.005887596967171773,0.05908938247514273,0.009512918684281408,-0.09852265137063582,2.0902386740061374,2.386094603457694,-0.17360243820874702
Subject3,T_cell,D4,4.0,68,0.09954368574162686,0.0025306861747885503,0.025117916806268785,0.021386633453227125,0.0977113578440296,0.6645042265162749,0.27134635944788205,0.00810549463052972,0.03972856576304822,0.014036446925393613,-0.07103828489780428,2.10868915203525,2.61908395430621,-0.179259218748878
Subject3,T_cell,D6,6.0,63,0.10538375482705095,0.004223134954785887,0.03045012170639213,0.012846257955625218,0.1366536273028595,0.6439907271710653,0.2723500427627375,0.003253329963625219,0.030268659215500447,0.00823594192260701,-0.06751109844162358,2.1077061716622807,2.5820343005467974,-0.18868882782875546
Subject3,T_cell,D8,8.0,48,0.08811550994512868,0.0016673557817436125,0.043104103624857025,0.012482710522111322,0.11381206011901668,0.6462991399069627,0.3201614907702605,0.00545187068890483,0.035448407605658865,0.0077151558393892304,0.042115622642967414,2.1175269296988337,2.5799790096282957,-0.17570735837850307
Subject5,B_cell,D0,0.0,27,0.08073684439659694,0.01381664498141523,0.006747189368835993,0.17711700673680747,0.10445178212803849,0.016513714895948103,0.02655065327069515,0.004329477098169539,0.019781484200782146,0.723357288925736,-0.31540003050992516,1.757830499431354,3.1601789968985106,0.1275614823676921
Subject5,B_cell,D10,10.0,21,0.03902977749466309,0.003909174182933287,0.10933028658231106,0.19998016930445114,0.0861788190602619,0.010105890024284405,0.05350850197434434,0.0036419175193032048,0.0011391672873871956,0.672256255433673,0.5084769387472241,1.4392481394713077,2.849878699893045,-0.1005657879889958
Subject5,B_cell,D14/15,14.5,9,0.014104894284779821,0.010442943541837248,0.1149054614620076,0.3657659327629214,0.13984472242494417,0.017021183087510716,0.04421201570384407,0.002000842838953066,0.0022389136296911702,0.6534080074893104,0.3033584965599902,1.3161247441557802,2.3272839864095034,0.03206141542505338
Subject5,B_cell,D2,2.0,15,0.08056421232964416,0.0051994228740113585,0.009465398170865068,0.1398200487430585,0.13351670495000387,0.029633739620582362,0.08283049327822792,0.005989080194452352,0.017769523377148756,0.6699720919132234,-0.29461694592899745,1.5796046801975794,2.9456209716796873,-0.010290307389365264
Subject5,B_cell,D28,28.0,31,0.06319552112324246,0.01339762187972008,0.008793092326291965,0.2752864732503225,0.07263846283576789,0.01321488109904073,0.0429271906673705,0.0031851684774414674,0.002105346705625194,0.6814898194805267,-0.296271408950129,1.6815642103543014,2.9294087834512035,0.14113452963931591
Subject5,B_cell,D4,4.0,25,0.061837722058985495,0.005458999102681898,0.0011643023583051467,0.10851577065692711,0.055910933532184084,0.02209858540057893,0.050086204217295746,0.0008768934420413588,0.001726062950598781,0.6986952996253968,-0.31655672418276476,1.7870350567175424,3.192099938964844,0.0070520580768585915
Subject5,B_cell,D6,6.0,17,0.07562916573276797,0.008594278820523589,0.0031721921489251794,0.21240897967382968,0.09229559177423219,0.022941786394859356,0.047808309155007764,0.007787655787818516,0.0028287287318896786,0.7412017653970158,-0.34688311551131457,1.722240375298984,3.0565227777817676,0.05491090321073352
Subject5,B_cell,D8,8.0,23,0.058860937989724395,0.0013309205061872089,0.009329717093229798,0.2753489990525865,0.051640997260407204,0.019496002515693237,0.024245893621352727,0.0011569459527757406,0.0004374196305239744,0.6918215505454852,-0.31117861979249595,1.7946337570420596,2.9809826991869057,0.06942625512247512
Subject5,Monocyte,D0,0.0,49,0.19068034294630645,0.48991820824389554,0.03405762912483778,0.04343184473797552,0.16033122854010787,0.0018188992839745096,0.012187994615448255,0.26294916123151774,0.0033987245570418047,0.05829183498238417,-0.35001261124805527,1.3075188328106666,2.974447687888632,-0.19446147819360093
Subject5,Monocyte,D10,10.0,45,0.1797703424319884,0.41002536051803173,0.2864902564220958,0.03554005887610965,0.07444957704987651,0.004898166974138331,0.017856369399587235,0.23449134901165966,0.009294451730093864,0.03470765666511902,0.7244286413545962,0.7738122885459676,2.558516944885255,-0.16413649693241825
Subject5,Monocyte,D14/15,14.5,41,0.039511279472975835,0.4372702855162504,0.3700736572102803,0.22954454047625986,0.14071961872569544,0.002050472521104414,0.016555388005289662,0.24317311095755276,0.005539907664334909,0.032731261044458664,0.7582707426799989,0.5723093694095414,2.2702339125842586,-0.04631444016123208
Subject5,Monocyte,D2,2.0,39,0.23468165282545855,0.41292856213374013,0.06710289198973528,0.038264483206731106,0.16024227339270952,0.0016688858281959696,0.021532148118292477,0.29817085961500805,0.00734749695257673,0.05881381951497557,-0.28060141030539815,1.2829438676889,2.821888850285457,-0.17479981504953823
Subject5,Monocyte,D28,28.0,18,0.23041832699851097,0.35915500256750327,0.035619500990927096,0.08587577857320455,0.22504891161470805,0.0024395976472533173,0.0019359623508449027,0.2652815083662668,0.002803245919393984,0.13268622010946268,-0.38116166055202494,1.3341391189298397,2.8793226665920684,-0.13925110022226975
Subject5,Monocyte,D4,4.0,24,0.21685533265696225,0.4221949093043804,0.02862684321050296,0.0437349007649126,0.16753368047889686,0.00466840451793615,0.017780563783058305,0.24539854377508163,0.0058635059334481805,0.08535847567706382,-0.3810561866892708,1.3620603661350652,3.003313439687093,-0.19332761889530556
Subject5,Monocyte,D6,6.0,17,0.2292071448294284,0.5144578323644751,0.019183572449933847,0.047464935003905945,0.20263614830371493,3.800303499487567e-05,0.008730927103188684,0.25401221434859667,0.0013410322404718601,0.06841655271521108,-0.4737124168522217,1.4744489297431782,2.9165063252168557,-0.18162382522050088
Subject5,Monocyte,D8,8.0,25,0.1133958272003179,0.3734279659390449,0.035879512385588244,0.09121559113557728,0.17805798602705405,0.013333944976534437,0.06376661358851154,0.28371261715888973,0.00832011021119114,0.061771547267453555,-0.2117286366065343,1.5654599616965463,3.0324621795654294,-0.1324111555417379
Subject5,NK_cell,D0,0.0,21,0.2354851915013223,0.0162198868119525,0.02417480457275122,0.37958388385318564,0.07134412547677693,0.0001556282081020511,0.03993813812485315,0.007200742874634392,0.48693783297425214,0.021502913769538848,-0.08189123619170413,1.1358934699967722,2.87304586864653,-0.15790448306098823
Subject5,NK_cell,D10,10.0,22,0.13514175554886065,0.007181175934585383,0.2523415762592446,0.4401432580568574,0.11093196659997127,0.0062516751778373784,0.034994614780881506,0.0027785765653592577,0.4886863292618232,0.01688672718182717,1.0414866393985163,0.633613109035704,2.3831103983792388,-0.07542797032630805
Subject5,NK_cell,D14/15,14.5,36,0.07947029516785951,0.002100157300231347,0.2232191862745418,0.5792543374829823,0.21702323324027223,0.01873406095865942,0.00715133102831246,0.002194457570976421,0.5376828528112836,0.012350026648309469,0.6966222675641378,0.48951150034290325,1.9569092729356556,-0.06555818132780215
Subject5,NK_cell,D2,2.0,31,0.24107949278797397,0.015088864626461007,0.021158728680617394,0.35185376194215595,0.04683301335242434,0.020987165972822342,0.030225248580285143,0.006653891630033691,0.48444926450329445,0.02736156065713011,-0.023954116067578714,1.070124773621324,2.824736195225869,-0.12414446744867548
Subject5,NK_cell,D28,28.0,9,0.21746032767825657,0.016306728303283703,0.0311800805199343,0.40570270726152546,0.012020605189516352,0.03440607043890193,0.019453048080069663,0.0041424127007682375,0.36250743352704584,0.023365330188028107,-0.045232006443871174,1.1382672840775816,2.405952406989204,-0.11079160292943309
Subject5,NK_cell,D4,4.0,16,0.22363856094699489,0.008793849600380084,0.016897799846205427,0.3889057193882764,0.017147063447488616,0.018150767270221028,0.034803569871339625,0.01239373552654044,0.39740531146526337,0.01662488429555251,-0.144175516764323,1.0841682483347088,2.9474388885498044,-0.1365997878710429
Subject5,NK_cell,D6,6.0,20,0.18816416661152857,0.004194525005579651,0.02901441873485665,0.48558364659547804,0.07535861215646937,0.03747893531032105,0.017034614521156743,0.012445976307724014,0.40693356096744526,0.031964847921349814,-0.04548598078886672,1.0976916971255324,2.5940628890991215,-0.0764092290997505
Subject5,NK_cell,D8,8.0,11,0.15230519961332073,0.01070678963004536,0.0233363809741356,0.3339089521576912,0.10388565307322942,0.07560388112575699,0.07297180699185907,0.01641420538693306,0.4374582564288918,0.027308788425960486,-0.07897664373571221,1.3011285254597011,2.743430102955212,-0.05867269718285759
Subject5,Neutrophil,D10,10.0,2,0.01826652977615595,0.0001915171387735981,0.00018174368597095002,0.00084117370715825,0.052445899695158,0.0001383261369482793,0.0304107097908854,0.0143393510952592,0.00514079647837205,0.00093649984046345,-0.07510462125142414,-0.0451091116636383,0.28505973815918,-0.01435534874598185
Subject5,Neutrophil,D14/15,14.5,1,0.0003487763460725,0.0002439163217786,0.043912947177887,0.0008734000148251,0.015987902879715,0.0005674469284713,0.0407195203006268,0.0014089102623984,0.0004732032830361,0.0001011240747175,0.717081782023112,0.0400284081697464,0.498428239822388,-0.0275796031951904
Subject5,Neutrophil,D28,28.0,3,9.793950994206753e-05,0.00018221130691621818,0.00013746204960322063,0.0424493079384168,0.01873201972557581,0.010994316660799067,0.06478678931792577,0.012894748865316297,0.004628927213464823,0.0060768296049597,-0.03782817496193767,-0.03311916942499104,1.759776598612466,-0.062158447901407864
Subject5,Neutrophil,D4,4.0,3,0.0005808228064173,0.0015851876705709781,0.00011639234799075872,0.010461915439615633,0.037025449797511066,0.0017532542721406623,0.04792756866663694,0.015191059123026165,0.006148390128752588,7.57229524121171e-05,-0.08948068194919163,-0.09078391798499501,0.031239503224690695,-0.0200827285978529
Subject5,Neutrophil,D6,6.0,2,0.00513697386486455,0.03318738647794815,4.773809632752093e-05,0.0278162396280095,0.03648687829263505,0.0006196291360538,0.039595706854015554,0.00249093404272565,0.0044648316688835,0.0222792774438858,-0.11546061515808084,-0.10682733744686951,1.0505413627624525,0.0659510787328085
Subject5,Plasmablast,D0,0.0,1,0.17197759449482,0.0827138125896454,2.0847660380241e-06,0.286583364009857,0.888047635555267,4.11645851272624e-05,0.0350613631308079,0.06718610227108,0.127388060092926,0.370796740055084,-0.448653212388357,1.41651992895165,2.54344467163086,0.996661682128906
Subject5,Plasmablast,D10,10.0,1,0.115834452211857,6.08983682468534e-05,0.143294394016266,0.0964756682515144,0.793274998664856,0.0,1.91414619621355e-06,0.116454936563969,0.0359885394573212,0.466829180717468,0.060932502746582,1.27112825549379,2.0697819519043,1.13618645985921
Subject5,Plasmablast,D14/15,14.5,1,0.0007211178890429,4.56268116977299e-06,0.097830131649971,0.272470206022263,0.74665492773056,1.97066560758685e-06,2.50832163146697e-05,0.173324391245842,0.0001309471554122,0.444007933139801,0.203203767140706,1.57375393108446,2.13169631958008,0.953611494700114
Subject5,Plasmablast,D2,2.0,1,0.162841305136681,0.0632659867405891,2.52132139166861e-07,0.0453109852969646,0.729339182376862,0.0,9.69524899119278e-06,0.0902494862675667,0.0671010911464691,0.432791829109192,-0.585698598225911,1.96429126116694,2.56799514770508,1.23262135823568
Subject5,Plasmablast,D4,4.0,1,0.20166951417923,0.131887272000313,1.6136600606842e-06,0.0807878524065018,0.689214766025543,0.0,7.20559626188333e-07,0.0101307416334748,0.0083349039778113,0.446541637182236,-0.415847771962484,1.47735496443145,2.75843032836914,1.02447354634603
Subject5,Plasmablast,D6,6.0,1,0.129312843084335,0.0591483674943447,2.68625626631547e-07,0.244252890348434,0.512206971645355,0.0,1.55105976773484e-06,0.0334468334913254,0.000315992947435,0.520902216434479,-0.484966410001119,1.74915966695669,2.12717658996582,1.08029462178548
Subject5,Plasmablast,D8,8.0,2,0.15187461301684405,0.05093529541045425,0.03699380345642565,0.12200727686285956,0.6175754964351655,0.0228227023035288,0.024519230653879738,0.0575617363210766,0.009645227737877337,0.174978017807007,-0.16636581460634864,1.370287184812585,1.402443799972536,1.127168871561687
Subject5,T_cell,D0,0.0,102,0.3161926000730805,0.004931436564134514,0.014386262188900099,0.19834250702401934,0.10762668499316584,0.05365512895139594,0.4894753443168513,0.0028060684346181914,0.044962307074542095,0.01358482210575879,-0.20909105085079965,1.8460029367925457,2.8680725710999733,-0.181802763448042
Subject5,T_cell,D10,10.0,109,0.24273554881973294,0.0009644648414513321,0.1087457206361693,0.23625992521085448,0.046927872232287275,0.053375928531034615,0.46784002303870326,0.0007566038692293741,0.059804391243753675,0.01349878873655396,0.4854220308513817,1.4603548304594045,2.5994461742016153,-0.14923318273430566
Subject5,T_cell,D14/15,14.5,112,0.21256361279805094,0.0004045293186531672,0.11947646179396543,0.22691889064834087,0.10966980859037227,0.06011598283467782,0.48906076434643964,0.00024109545143601992,0.08920014396694587,0.008706807989927248,0.37384477517434517,1.255047929269579,2.3744304040500097,-0.1744524517336062
Subject5,T_cell,D2,2.0,114,0.3453724142245687,0.0023102978489621365,0.016518932573698467,0.207110052938497,0.08006949435684775,0.06581369417158947,0.43496219092396554,0.002816899569312232,0.0508940004019174,0.01766147215887219,-0.14976097990197743,1.7538055102009094,2.823732833527682,-0.1796192671750721
Subject5,T_cell,D28,28.0,139,0.31869326373981843,0.004868833240918069,0.009358718501597427,0.3008385370576755,0.04084265202069227,0.08787847977022284,0.3028668939723568,0.0030992910992641374,0.06055631695855793,0.012777996689262152,-0.20367314992191127,1.702618158085898,2.6772842812023576,-0.13046559045926562
Subject5,T_cell,D4,4.0,131,0.26877838755268485,0.003153681246523852,0.012460997121762027,0.1749858401804741,0.07412169112187807,0.05329524703075311,0.4973939401235339,0.0011397702306733784,0.03810809787049433,0.01827138806385489,-0.2294047854723215,1.8204091369483604,2.8932697098127758,-0.1691831875363076
Subject5,T_cell,D6,6.0,143,0.38031850576071685,0.0033566414806441972,0.011852979957054973,0.2684316238835114,0.08235312338745489,0.0642342871727084,0.3494832185330327,0.0023996527150189455,0.06750519741410492,0.018935489654451004,-0.18845828474262658,1.6907595820428305,2.7769778789173474,-0.14554711672809575
Subject5,T_cell,D8,8.0,139,0.3561907664268176,0.004673571637691775,0.01703998693612109,0.2629709986982159,0.09391875792745034,0.09480606105605377,0.35618584366889827,0.0040018962620381555,0.05424835616449993,0.016040790549289526,-0.17919166755190283,1.7902257521235456,2.6587695212329887,-0.13634523287093897
