pattern,broad_cell_type,timepoint_merged,day_merged_numeric,n_subjects,n_subject_groups,total_cells,mean_subject_score,sd_subject_score,median_subject_score,min_subject_score,max_subject_score,se_subject_score,n_cells_cell_level,mean_cell_score,median_cell_score
Pattern1,B_cell,D0,0.0,3,3,73,0.057091030304489886,0.03788798126710946,0.07714532093072198,0.013390925586150753,0.08073684439659694,0.021874636183617145,73,0.060133387113497715,0.0263302195817232
Pattern1,Monocyte,D0,0.0,3,3,110,0.07811634703681919,0.0976119070476713,0.026843791780612178,0.01682490638353894,0.19068034294630645,0.056356260810085754,110,0.09618229715548574,0.04697950556874275
Pattern1,NK_cell,D0,0.0,3,3,88,0.1502493045452411,0.08398104718869503,0.14768069274723522,0.06758202938716579,0.2354851915013223,0.04848648020121975,88,0.11675195027350647,0.0959357470273972
Pattern1,Neutrophil,D0,0.0,2,2,3,0.010604008562950174,0.014832452123725451,0.010604008562950174,0.0001158810846391,0.02109213604126125,0.010488127478311075,3,0.014100051055720533,0.0033614535350352
Pattern1,Plasmablast,D0,0.0,2,2,2,0.1658774316310885,0.00862693305457378,0.1658774316310885,0.159777268767357,0.17197759449482,0.006100162863731495,2,0.1658774316310885,0.1658774316310885
Pattern1,T_cell,D0,0.0,3,3,324,0.21844327465999291,0.1118774307728323,0.24271477762393806,0.09642244628296016,0.3161926000730805,0.06459246477293845,324,0.22927360185601617,0.15941885113716098
Pattern1,B_cell,D2,2.0,3,3,38,0.05444338957218328,0.047156091820661175,0.08056421232964416,6.971140408040803e-06,0.08275898524649765,0.02722558230658944,38,0.06447115086224714,0.0212714932858944
Pattern1,Monocyte,D2,2.0,3,3,86,0.1000531099095215,0.11661047472185894,0.03482914682738491,0.03064853007572104,0.23468165282545855,0.06732508897099532,86,0.12477936891344978,0.08013347163796425
Pattern1,NK_cell,D2,2.0,3,3,118,0.16052485910864428,0.09862551699695614,0.18996271886280752,0.050532365675151354,0.24107949278797397,0.05694146878715864,118,0.11240748832238918,0.0676652863621712
Pattern1,Neutrophil,D2,2.0,2,2,5,0.0005197996958182946,0.0006732796467152207,0.0005197996958182946,4.3719091991079053e-05,0.0009958802996455102,0.00047608060382721553,5,0.0006150158165837377,4.93902298330795e-05
Pattern1,Plasmablast,D2,2.0,3,3,5,0.14390687954922513,0.0784409536548769,0.162841305136681,0.0577317867428064,0.211147546768188,0.04528790570813414,5,0.10943684242665763,0.0971843674778938
Pattern1,T_cell,D2,2.0,3,3,348,0.22201174902711818,0.13261705739815624,0.23890554464167793,0.08175728821510786,0.3453724142245687,0.07656649378796156,348,0.23901131299686082,0.1724258363246915
Pattern1,B_cell,D4,4.0,3,3,63,0.04405127926918969,0.03836496747839486,0.061837722058985495,2.114609647207491e-05,0.0702949696521115,0.022150024301102512,63,0.04909159875181974,0.001948760356754
Pattern1,Monocyte,D4,4.0,3,3,72,0.0864209495599454,0.11298241057201404,0.023479472896618912,0.01892804312625508,0.21685533265696225,0.06523042515744513,72,0.08578880653628378,0.02962039038538935
Pattern1,NK_cell,D4,4.0,3,3,103,0.13917620841423126,0.0890525486308708,0.14773813867941502,0.04615192561628381,0.22363856094699489,0.051414512924055494,103,0.0816128563910064,0.0454309731721878
Pattern1,Neutrophil,D4,4.0,3,3,10,0.007023588792339446,0.011115534134135515,0.000631274581564838,0.0005808228064173,0.0198586689890362,0.006417556624529613,10,0.010229836252756256,0.00068174269108565
Pattern1,Plasmablast,D4,4.0,3,3,4,0.13612682261737077,0.06397488156246096,0.13286652829265244,0.0738444253802299,0.20166951417923,0.03693591509146127,4,0.1353117490361912,0.13775696977972995
Pattern1,T_cell,D4,4.0,3,3,348,0.17645404701147413,0.085663814659417,0.16104006774011062,0.09954368574162686,0.26877838755268485,0.04945802645342462,348,0.18958019969284143,0.14785808324813848
Pattern1,B_cell,D6,6.0,3,3,61,0.05597087467221328,0.03981583339545024,0.07562916573276797,0.010149170419220248,0.08213428786465163,0.022987682128872488,61,0.06144004269466927,0.0509685128927231
Pattern1,Monocyte,D6,6.0,3,3,64,0.10789111164043617,0.10887161815510495,0.07577857293958336,0.01868761715229676,0.2292071448294284,0.06285705804896,64,0.0888796056383565,0.01609331229701635
Pattern1,NK_cell,D6,6.0,3,3,110,0.13852809679155606,0.0775535532928302,0.1782604225154498,0.04915970124768978,0.18816416661152857,0.044775564870227505,110,0.08382238376967938,0.045792980119586
Pattern1,Neutrophil,D6,6.0,3,3,12,0.002647732011761624,0.0023815405767410756,0.0024152828918886245,0.0003909392785316963,0.00513697386486455,0.0013749830930674767,12,0.002194116849598969,0.0002388344801147
Pattern1,Plasmablast,D6,6.0,3,3,6,0.10789983883286257,0.09880677136065054,0.129312843084335,0.0001423681214873584,0.19424430529276535,0.0570461160428294,6,0.1187217492009343,0.1477507799863815
Pattern1,T_cell,D6,6.0,3,3,347,0.23574330575354288,0.13801754535865376,0.2215276566728609,0.10538375482705095,0.38031850576071685,0.07968446696571015,347,0.2658793154719311,0.225368946790695
Pattern1,B_cell,D8,8.0,3,3,60,0.0589675484065047,0.058869218357871164,0.058860937989724395,0.00015170765768743015,0.11788999957210228,0.033988159065899776,60,0.06582761965358704,0.0001024579978547857
Pattern1,Monocyte,D8,8.0,3,3,88,0.05638019177606076,0.05053923572750306,0.03864861347275502,0.017096134655109337,0.1133958272003179,0.029178841351911844,88,0.049597207027845404,0.0006636048492509
Pattern1,NK_cell,D8,8.0,3,3,105,0.0896275797598965,0.055165252589583776,0.06812960670841062,0.048447932957958205,0.15230519961332073,0.0318496734325099,105,0.05989055157186626,0.0133145460858941
Pattern1,Neutrophil,D8,8.0,2,2,8,0.0052161712808356,0.006993865031895877,0.0052161712808356,0.0002707618900785562,0.010161580671592644,0.0049454093907570435,8,0.0052161712808356,0.00015506726776945
Pattern1,Plasmablast,D8,8.0,2,2,4,0.14025101251900202,0.01643825346765486,0.14025101251900202,0.12862741202116,0.15187461301684405,0.01162360049784203,4,0.14025101251900202,0.12862741202116
Pattern1,T_cell,D8,8.0,3,3,335,0.225319297777852,0.13414976512880877,0.2316516169616098,0.08811550994512868,0.3561907664268176,0.07745140300884282,335,0.26275970245078223,0.190283790230751
Pattern1,B_cell,D10,10.0,3,3,46,0.03229334486760961,0.02950755016194581,0.03902977749466309,3.783416246960767e-08,0.05785021927400327,0.0170361920291258,46,0.04171260262171656,0.00065315677784375
Pattern1,Monocyte,D10,10.0,3,3,117,0.07523313151504803,0.09078729530397432,0.029769791583460645,0.01615926052969503,0.1797703424319884,0.05241606938274763,117,0.08187850352878542,0.0218537282198668
Pattern1,NK_cell,D10,10.0,3,3,114,0.11271656227256206,0.057678583503483614,0.13514175554886065,0.04719326664370909,0.15581466462511645,0.03330074571221257,114,0.06702423988807361,0.03217589296400545
Pattern1,Neutrophil,D10,10.0,3,3,16,0.013275030489397113,0.004327042693852384,0.0109716337174177,0.01058692797461769,0.01826652977615595,0.0024982192640906776,16,0.011570922308734974,0.0012878109409939
Pattern1,Plasmablast,D10,10.0,3,3,6,0.11911623366177093,0.0046317216213094484,0.11709990166127678,0.115834452211857,0.124414347112179,0.00267412572487442,6,0.11810806766152386,0.1197113506495955
Pattern1,T_cell,D10,10.0,3,3,301,0.180316809212164,0.08440939557546383,0.21393699879888448,0.08427788001787456,0.24273554881973294,0.04873378725762765,301,0.20067384404578462,0.162474662065506
Pattern1,B_cell,D14/15,14.5,3,3,23,0.025276942207439215,0.032335799661754885,0.014104894284779821,8.5831952674198e-06,0.0617173491422704,0.018669082639175993,23,0.026988449603164613,9.45268948271405e-06
Pattern1,Monocyte,D14/15,14.5,3,3,103,0.021172418717130565,0.017433547491005567,0.01919278790209112,0.004813188776324744,0.039511279472975835,0.010065263336862189,103,0.026024261322230693,0.0001049093043548
Pattern1,NK_cell,D14/15,14.5,3,3,144,0.0760677302962052,0.036051562592310425,0.07947029516785951,0.038435513005187945,0.11029738271556813,0.020814379367377067,144,0.06266734987842976,0.013293569907546
Pattern1,Neutrophil,D14/15,14.5,2,2,2,0.00059982403763565,0.00035503505021106433,0.00059982403763565,0.0003487763460725,0.0008508717291988,0.00025104769156314996,2,0.00059982403763565,0.00059982403763565
Pattern1,Plasmablast,D14/15,14.5,3,3,5,0.02861430133553866,0.04886149997826144,0.0007211178890429,8.82675449247472e-05,0.08503351857264833,0.028210200165458138,5,0.05118198823038252,0.0559716746211052
Pattern1,T_cell,D14/15,14.5,3,3,323,0.14513481283868704,0.07416639085478852,0.1571442713407138,0.06569655437729642,0.21256361279805094,0.04281998572483515,323,0.15965681295798975,0.118323676288128
Pattern1,B_cell,D28,28.0,3,3,56,0.04788000605809767,0.04186854387183673,0.06319552112324246,0.0005101443925923352,0.0799343526584582,0.024172815074982593,56,0.04797558283978781,0.0013941554352641
Pattern1,Monocyte,D28,28.0,3,3,83,0.15401059689112048,0.10881959445715261,0.20219595699135456,0.02941750668349595,0.23041832699851097,0.06282702215294297,83,0.13753975638486807,0.128896921873093
Pattern1,NK_cell,D28,28.0,3,3,106,0.097171692376375,0.10463762264601878,0.04687700598344688,0.027177743467421533,0.21746032767825657,0.06041255960204143,106,0.05913039037081464,0.032983977347612395
Pattern1,Neutrophil,D28,28.0,3,3,11,0.003306845434872204,0.005299022510947766,0.0003994438290646675,9.793950994206753e-05,0.009423152965609877,0.0030593920731375795,11,0.0027782269610890156,0.0001932042941916
Pattern1,Plasmablast,D28,28.0,1,1,1,0.0363401398062706,,0.0363401398062706,0.0363401398062706,0.0363401398062706,,1,0.0363401398062706,0.0363401398062706
Pattern1,T_cell,D28,28.0,3,3,343,0.21396704323319504,0.11547979159860929,0.23308747179447195,0.09012039416529467,0.31869326373981843,0.06667228876541896,343,0.24318702718887925,0.178155481815338
Pattern2,B_cell,D0,0.0,3,3,73,0.013463076590744277,0.013286837513740492,0.01381664498141523,2.9835771444130046e-06,0.026569601213673185,0.007671159215236891,73,0.014210302739179087,0.0001370242098346
Pattern2,Monocyte,D0,0.0,3,3,110,0.43762521446929253,0.37457252520936263,0.48991820824389554,0.03965394871460431,0.7833034864493779,0.2162595482606634,110,0.38219566698156354,0.41649438440799746
Pattern2,NK_cell,D0,0.0,3,3,88,0.013085173091551888,0.009553522798116932,0.0162198868119525,0.0023581232631080993,0.020677509199595063,0.005515728959202037,88,0.007747792511864942,6.91377972543705e-05
Pattern2,Neutrophil,D0,0.0,2,2,3,0.0006723500441693828,0.000686577908429227,0.0006723500441693828,0.0001868661493062,0.0011578339390325657,0.00048548389486318284,3,0.0008341780091237772,0.0001868661493062
Pattern2,Plasmablast,D0,0.0,2,2,2,0.08050137013196945,0.0031288661296153875,0.08050137013196945,0.0782889276742935,0.0827138125896454,0.0022124424576759477,2,0.08050137013196945,0.08050137013196945
Pattern2,T_cell,D0,0.0,3,3,324,0.004253837564372531,0.0018603000968251575,0.004931436564134514,0.0021497162391891787,0.005680359889793901,0.0010740447616754917,324,0.004561926819064766,3.934247797587885e-05
Pattern2,B_cell,D2,2.0,3,3,38,0.014112632366563576,0.020108889569099113,0.0051994228740113585,8.91410849135355e-07,0.03713758281483023,0.011609872805823832,38,0.016712163595247815,1.471511177442155e-05
Pattern2,Monocyte,D2,2.0,3,3,86,0.3950893868072116,0.32876055576851604,0.41292856213374013,0.057772439384500524,0.7145671589033943,0.18980999537188373,86,0.32575168194827797,0.3130558878183365
Pattern2,NK_cell,D2,2.0,3,3,118,0.014940485170323722,0.013068479763514591,0.015088864626461007,0.0017984474563724126,0.02793414342813775,0.007545090309364327,118,0.007504887219002919,4.1757175495149554e-05
Pattern2,Neutrophil,D2,2.0,2,2,5,0.005257721568871871,0.00720079453462735,0.005257721568871871,0.00016599092350584176,0.0103494522142379,0.005091730645366029,5,0.006276067697945077,0.0003283602127339
Pattern2,Plasmablast,D2,2.0,3,3,5,0.056819439046080174,0.05388554428082866,0.0632659867405891,6.112828714321934e-07,0.10719171911478,0.03111083349596593,5,0.03409190794079668,1.83384861429658e-06
Pattern2,T_cell,D2,2.0,3,3,348,0.004537368446205672,0.0031266743474343164,0.0031899669534665156,0.0023102978489621365,0.008111840536188363,0.0018051862761595,348,0.005122299926379823,3.7567497201962397e-05
Pattern2,B_cell,D4,4.0,3,3,63,0.013053840531580157,0.018046517329416405,0.005458999102681898,4.603659792223838e-05,0.033656485894136334,0.010419161638073809,63,0.013931019885790517,1.14183594632777e-05
Pattern2,Monocyte,D4,4.0,3,3,72,0.3874923973408995,0.32956734963607265,0.4221949093043804,0.04194693102979672,0.6983353516885213,0.19027579802849806,72,0.2963273389160766,0.275660052895546
Pattern2,NK_cell,D4,4.0,3,3,103,0.009150339635345074,0.006351387288251963,0.008793849600380084,0.002984705190968556,0.015672464114686584,0.0036669751605998384,103,0.004872553559321262,3.68576147593558e-05
Pattern2,Neutrophil,D4,4.0,3,3,10,0.001161331617716579,0.0009199872986077334,0.0015851876705709781,0.00010581828769313301,0.0017929888948856262,0.0005311549145022115,10,0.001393214406152733,0.00018818083481155
Pattern2,Plasmablast,D4,4.0,3,3,4,0.07654727374513949,0.06845344789856549,0.09775454923510546,0.0,0.131887272000313,0.03952161657119481,4,0.08184909261763097,0.09775454923510546
Pattern2,T_cell,D4,4.0,3,3,348,0.0039537553288480545,0.0019503346128191914,0.003153681246523852,0.0025306861747885503,0.006176898565231762,0.0011260262137210047,348,0.004326370084482123,3.404042399779425e-05
Pattern2,B_cell,D6,6.0,3,3,61,0.014685079235212022,0.016504641220131882,0.008594278820523589,0.002091432331667422,0.03336952655344506,0.009528959051321336,61,0.01826085902872199,5.68813338759355e-05
Pattern2,Monocyte,D6,6.0,3,3,64,0.40574319227825395,0.3367180152775031,0.5144578323644751,0.028098280321050006,0.6746734641492368,0.19440423676146296,64,0.31893133228963144,0.312237948179245
Pattern2,NK_cell,D6,6.0,3,3,110,0.007751851376592844,0.005945997960924963,0.004444852012451227,0.004194525005579651,0.014616177111747657,0.0034329235233409934,110,0.005139070745696135,4.48171704192646e-05
Pattern2,Neutrophil,D6,6.0,3,3,12,0.011777356329376832,0.018558088717668477,0.0018537589608058594,0.000290923549376484,0.03318738647794815,0.010714517516790853,12,0.006294612507948221,0.00010740134894145225
Pattern2,Plasmablast,D6,6.0,3,3,6,0.03763886024525059,0.032700433401327576,0.05376019577185304,8.0174695540336e-06,0.0591483674943447,0.018879604026873907,6,0.03674083162483531,0.023191810299067583
Pattern2,T_cell,D6,6.0,3,3,347,0.004892753381411077,0.001958733632494572,0.004223134954785887,0.0033566414806441972,0.007098483708803147,0.0011308753899915147,347,0.005034419126296469,3.18990605592262e-05
Pattern2,B_cell,D8,8.0,3,3,60,0.009828413683591353,0.015884430348030217,0.0013309205061872089,2.435375677123377e-07,0.02815407700701914,0.009170880137359108,60,0.010833408647670708,4.166009148320885e-06
Pattern2,Monocyte,D8,8.0,3,3,88,0.3522902868961708,0.30316059469433887,0.3734279659390449,0.03911403657827707,0.6443288581711906,0.17502985095446358,88,0.27851584893589504,0.171656288206577
Pattern2,NK_cell,D8,8.0,3,3,105,0.009136305302640745,0.005691162380716606,0.01070678963004536,0.002824806406147582,0.013877319871729294,0.0032857941325086042,105,0.003966324081001112,2.67498890025308e-05
Pattern2,Neutrophil,D8,8.0,2,2,8,0.00041505133276586764,0.00034301352279743797,0.00041505133276586764,0.0001725041447571128,0.0006575985207746224,0.00024254718800875477,8,0.0004150513327658676,4.05547070840839e-05
Pattern2,Plasmablast,D8,8.0,2,2,4,0.026389828938590636,0.034712531579283605,0.026389828938590636,0.001844362466727023,0.05093529541045425,0.024545466471863613,4,0.026389828938590636,0.015101464232429852
Pattern2,T_cell,D8,8.0,3,3,335,0.003957407246852294,0.0020290820178229087,0.004673571637691775,0.0016673557817436125,0.0055312943211214965,0.0011714910491978853,335,0.004621764461757706,3.35917902702931e-05
Pattern2,B_cell,D10,10.0,3,3,46,0.006397520758050434,0.007939428508891764,0.003909174182933287,3.1828339312293433e-07,0.015283069807824892,0.004583831186820449,46,0.008097236823709364,2.2107251425040852e-05
Pattern2,Monocyte,D10,10.0,3,3,117,0.3491423317361631,0.3041494719174829,0.41002536051803173,0.01915642351946662,0.6182452111709911,0.1756007794854413,117,0.2923806377807659,0.285874217748642
Pattern2,NK_cell,D10,10.0,3,3,114,0.002592083540368848,0.0039773654767240015,0.0004544111251487711,0.00014066356137239,0.007181175934585383,0.0022963330286521265,114,0.0017443022051161074,2.21467712435697e-06
Pattern2,Neutrophil,D10,10.0,3,3,16,0.010350330741881056,0.00886716093868707,0.014322749401869173,0.0001915171387735981,0.0165367256850004,0.005119457754898715,16,0.012694718886677928,0.00040719739627085
Pattern2,Plasmablast,D10,10.0,3,3,6,0.036835163516267644,0.06374311200723229,6.08983682468534e-05,5.22992877449724e-06,0.11043936225178158,0.03680210287636003,6,0.07363726288402461,0.06991696779732565
Pattern2,T_cell,D10,10.0,3,3,301,0.0015896038673948812,0.0015057309419228987,0.0009644648414513321,0.0004971372355839735,0.0033072095251493383,0.0008693341646463344,301,0.0019453718293048938,4.99040140766738e-07
Pattern2,B_cell,D14/15,14.5,3,3,23,0.004411442376894876,0.005403208716618017,0.00277786750984884,1.3516078998539639e-05,0.010442943541837248,0.0031195440070271446,23,0.005056109931709444,3.60199774149805e-05
Pattern2,Monocyte,D14/15,14.5,3,3,103,0.3548895363676537,0.2869906345346426,0.4372702855162504,0.03571771738045256,0.5916806062062582,0.16569412010347742,103,0.24413831245812206,0.08902258425951
Pattern2,NK_cell,D14/15,14.5,3,3,144,0.007318765051814333,0.010272838866640138,0.002100157300231347,0.0007027874559492191,0.019153350399262435,0.005931026284996334,144,0.004639739378219543,1.127275618273415e-05
Pattern2,Neutrophil,D14/15,14.5,2,2,2,0.00027372872864355,4.216111011539705e-05,0.00027372872864355,0.0002439163217786,0.0003035411355085,2.9812406864949997e-05,2,0.00027372872864355,0.00027372872864355
Pattern2,Plasmablast,D14/15,14.5,3,3,5,0.007501892242948491,0.0129897073202235,4.56268116977299e-06,0.0,0.0225011140476757,0.007499611018025491,5,0.013501580964839374,0.000472323707072
Pattern2,T_cell,D14/15,14.5,3,3,323,0.001285477681091694,0.0010431837621073844,0.0010144886878864661,0.0004045293186531672,0.002437415036735449,0.000602282425866945,323,0.0014725981481679396,9.7208669558313e-07
Pattern2,B_cell,D28,28.0,3,3,56,0.008433434666293474,0.00733754083413112,0.011897528028981693,5.15409017864954e-06,0.01339762187972008,0.0042363311757754735,56,0.009330115999553858,5.80932317006955e-06
Pattern2,Monocyte,D28,28.0,3,3,83,0.28338071680501115,0.23655314663388755,0.35915500256750327,0.01822482465259574,0.47276232319493444,0.13657402288672799,83,0.26192850727043715,0.280616998672485
Pattern2,NK_cell,D28,28.0,3,3,106,0.007077853931983023,0.007995521965669952,0.0026854074726543145,0.0022414260200110518,0.016306728303283703,0.004616216759191113,106,0.003485911850022118,1.247112186320005e-05
Pattern2,Neutrophil,D28,28.0,3,3,11,0.003091810796063816,0.002609162446431135,0.0038695567898684954,0.00018221130691621818,0.005223664291406735,0.0015064006408064784,11,0.0032332191585737577,0.0001301765587413
Pattern2,Plasmablast,D28,28.0,1,1,1,0.0,,0.0,0.0,0.0,,1,0.0,0.0
Pattern2,T_cell,D28,28.0,3,3,343,0.0028769265417924583,0.0017608953971536014,0.0022345030724387036,0.0015274433120206028,0.004868833240918069,0.0010166534315614048,343,0.0030031567988468874,9.9367198345135e-06
Pattern3,B_cell,D0,0.0,3,3,73,0.013443068231921353,0.009685587933593929,0.009033139508645637,0.006747189368835993,0.024548875818282426,0.005591976800720246,73,0.013501259425988916,0.0001999875676119
Pattern3,Monocyte,D0,0.0,3,3,110,0.03922927460593733,0.014214433098053581,0.03405762912483778,0.028324705559648288,0.05530548913332591,0.008206706775539162,110,0.04068965644729729,0.0184809621423483
Pattern3,NK_cell,D0,0.0,3,3,88,0.02928634525119725,0.02166096974992037,0.02417480457275122,0.010638301678144741,0.053045929502695786,0.012505966716024868,88,0.018687652121692995,0.00100478620151985
Pattern3,Neutrophil,D0,0.0,2,2,3,1.90739483514335e-05,1.42507745307714e-06,1.90739483514335e-05,1.80662664206466e-05,2.00816302822204e-05,1.0076819307868995e-06,3,1.8738054374504532e-05,1.88494486792479e-05
Pattern3,Plasmablast,D0,0.0,2,2,2,0.008311729179922612,0.011751611828613413,0.008311729179922612,2.0847660380241e-06,0.0166213735938072,0.008309644413884588,2,0.008311729179922612,0.008311729179922612
Pattern3,T_cell,D0,0.0,3,3,324,0.024164629238018084,0.013710340462401998,0.01827136920907214,0.014386262188900099,0.039836256316082015,0.007915668756649213,324,0.02643299935114265,0.01298185344785455
Pattern3,B_cell,D2,2.0,3,3,38,0.014962984532386847,0.008622826658699746,0.010522511566023239,0.009465398170865068,0.024901043860272233,0.00497839129257578,38,0.015780966394611722,0.0023390419082716
Pattern3,Monocyte,D2,2.0,3,3,86,0.05026169550217744,0.015365237883766064,0.04667546493942177,0.03700672957737528,0.06710289198973528,0.008871124228354973,86,0.05436508540330056,0.017662753351032748
Pattern3,NK_cell,D2,2.0,3,3,118,0.021121124809632047,0.014073349242322088,0.021158728680617394,0.00702901131082803,0.035175634437450726,0.008125251973454274,118,0.013126362749215295,0.00012636841711355
Pattern3,Neutrophil,D2,2.0,2,2,5,0.0018944783816626399,0.0026768633219572393,0.0018944783816626399,1.650174397127559e-06,0.003787306588928152,0.0018928282072655123,5,0.0022730440231157425,2.50166112891748e-06
Pattern3,Plasmablast,D2,2.0,3,3,5,0.004586869939023093,0.00787247685798289,8.32608129712753e-05,2.52132139166861e-07,0.013677096871958836,0.004545176633145521,5,0.00822296071219739,8.32608129712753e-05
Pattern3,T_cell,D2,2.0,3,3,348,0.019043793577790163,0.005062971276108097,0.016518932573698467,0.01573977186556633,0.024872676294105688,0.002923107829160353,348,0.020115318750646052,0.00600370019674295
Pattern3,B_cell,D4,4.0,3,3,63,0.007289997307959457,0.005662840016287691,0.008371771061820143,0.0011643023583051467,0.012333918503753082,0.0032694422077814834,63,0.006517924101233668,3.67851534974761e-05
Pattern3,Monocyte,D4,4.0,3,3,72,0.04685168025005774,0.030391962336344426,0.029991750766332776,0.02862684321050296,0.08193644677333747,0.017546807636089422,72,0.054066221362141724,0.020282724872231497
Pattern3,NK_cell,D4,4.0,3,3,103,0.01363742966601308,0.0030426651999709,0.013140955842156394,0.010873533309677417,0.016897799846205427,0.0017566835722571058,103,0.013548432772301566,0.0004151568573433
Pattern3,Neutrophil,D4,4.0,3,3,10,5.522801389308705e-05,5.778110522966561e-05,4.772937554661796e-05,1.5623181418844537e-06,0.00011639234799075872,3.3359936658421536e-05,10,5.909485579891349e-05,4.9668189603835304e-05
Pattern3,Plasmablast,D4,4.0,3,3,4,8.860065854214575e-05,0.00015204798208989486,1.6136600606842e-06,2.018067535303205e-08,0.0002641681348904,8.77849433893402e-05,4,6.645553907544757e-05,8.209254778179814e-07
Pattern3,T_cell,D4,4.0,3,3,348,0.017010699741664956,0.00703856063007241,0.013453185296964055,0.012460997121762027,0.025117916806268785,0.004063714874479808,348,0.015359004525933181,0.00053318534628485
Pattern3,B_cell,D6,6.0,3,3,61,0.00908600929820032,0.005436075964238029,0.010220557608600642,0.0031721921489251794,0.013865278137075138,0.0031385199212880808,61,0.009212251307635217,0.0002298431500094
Pattern3,Monocyte,D6,6.0,3,3,64,0.04292798053680987,0.023491318939994982,0.04344261534235682,0.019183572449933847,0.06615775381813895,0.013562719313625458,64,0.04800145227326393,0.00613725942093875
Pattern3,NK_cell,D6,6.0,3,3,110,0.02340628448507556,0.005438720889838777,0.023049932130106723,0.018154502590263303,0.02901441873485665,0.0031400469697956588,110,0.020485064037632523,0.0029784995131194
Pattern3,Neutrophil,D6,6.0,3,3,12,6.749560306375581e-05,4.907702883992664e-05,4.773809632752093e-05,3.1376688497175564e-05,0.00012337202436657095,2.8334635811758674e-05,12,8.010125773693081e-05,3.96103205275722e-05
Pattern3,Plasmablast,D6,6.0,3,3,6,0.007935628431376764,0.009338589477376926,0.005580191856442888,2.68625626631547e-07,0.018226424812060774,0.005391637148614975,6,0.010973321129115789,0.005580654772046515
Pattern3,T_cell,D6,6.0,3,3,347,0.021115642524458845,0.009298778873100844,0.021043825909929443,0.011852979957054973,0.03045012170639213,0.0053686524855195775,347,0.01896401514311705,0.0024828519672155
Pattern3,B_cell,D8,8.0,3,3,60,0.01638697085343989,0.009397265298621222,0.012777322583645554,0.009329717093229798,0.027053872883444314,0.005425513649805292,60,0.015024878053935872,0.0001418636020389
Pattern3,Monocyte,D8,8.0,3,3,88,0.08049741464656329,0.05735461927188183,0.06042141030703673,0.035879512385588244,0.1451913212470649,0.03311370487588947,88,0.09390764680072959,0.0711268149316311
Pattern3,NK_cell,D8,8.0,3,3,105,0.022864483212836986,0.002873590248472488,0.0233363809741356,0.019784152977081228,0.025472915687294123,0.0016590681034962746,105,0.02508655216371905,0.0083213094621896
Pattern3,Neutrophil,D8,8.0,2,2,8,0.001986477315540455,0.0027452417344301715,0.001986477315540455,4.52982691285611e-05,0.003927656361952348,0.0019411790464118933,8,0.001986477315540455,1.5858439383009702e-05
Pattern3,Plasmablast,D8,8.0,2,2,4,0.027599877455941165,0.013285017553814409,0.027599877455941165,0.018205951455456677,0.03699380345642565,0.009393926000484488,4,0.02759987745594116,0.03589190170168875
Pattern3,T_cell,D8,8.0,3,3,335,0.027020157526325427,0.014063306911358103,0.020916382017998163,0.01703998693612109,0.043104103624857025,0.008119454030968925,335,0.02248710357247074,0.0054295370355248
Pattern3,B_cell,D10,10.0,3,3,46,0.13919445484528073,0.036439686739459395,0.12845653001415103,0.10933028658231106,0.17979654793938007,0.02103846294821252,46,0.1264215081768192,0.11286905035376549
Pattern3,Monocyte,D10,10.0,3,3,117,0.403176043127422,0.1651392001268846,0.33090777384738135,0.2864902564220958,0.5921300991127888,0.09534316164701631,117,0.42099224674141306,0.395842671394348
Pattern3,NK_cell,D10,10.0,3,3,114,0.24276818665389902,0.008305056893652194,0.23846793671449032,0.2374950469879622,0.2523415762592446,0.004794926833185251,114,0.24038576903311834,0.239447720348835
Pattern3,Neutrophil,D10,10.0,3,3,16,0.01631841929203017,0.02181122823011099,0.0076405499962985636,0.00018174368597095002,0.041132964193821,0.012592718490010946,16,0.008801475094852764,0.00014937191735945
Pattern3,Plasmablast,D10,10.0,3,3,6,0.15581370765964198,0.034712099550116456,0.143294394016266,0.12909791991114591,0.195048809051514,0.020041040019396824,6,0.14245581378539396,0.1385627537965775
Pattern3,T_cell,D10,10.0,3,3,301,0.15379396520861796,0.04807472801868793,0.14822589605706982,0.1087457206361693,0.20441027893261474,0.027755957162807522,301,0.14419533770915227,0.133664935827255
Pattern3,B_cell,D14/15,14.5,3,3,23,0.11546147919108522,0.033080151531668586,0.1149054614620076,0.08266284133060262,0.14881613478064543,0.01909883439164247,23,0.11253689967333748,0.111395411193371
Pattern3,Monocyte,D14/15,14.5,3,3,103,0.3867593257059881,0.14203475634193594,0.3700736572102803,0.25380437738365585,0.5363999425240282,0.08200380480829962,103,0.4454995756878436,0.406389743089676
Pattern3,NK_cell,D14/15,14.5,3,3,144,0.22059165458482874,0.047112792472937745,0.2232191862745418,0.17222008096578065,0.2663356965141638,0.027200583416525582,144,0.2032701158718232,0.194019258022308
Pattern3,Neutrophil,D14/15,14.5,2,2,2,0.0341204330325127,0.01384870631411871,0.0341204330325127,0.0243279188871384,0.043912947177887,0.009792514145374298,2,0.0341204330325127,0.0341204330325127
Pattern3,Plasmablast,D14/15,14.5,3,3,5,0.11083770750297439,0.03126128181371294,0.097830131649971,0.0881803917388122,0.14650259912014,0.018048709470359917,5,0.10177478119730951,0.109580419957638
Pattern3,T_cell,D14/15,14.5,3,3,323,0.12538710466765532,0.031584382938979624,0.11947646179396543,0.09717559323282587,0.1595092589761746,0.018235251992008112,323,0.11629442777680483,0.106172345578671
Pattern3,B_cell,D28,28.0,3,3,56,0.018273664353345185,0.013474550414291296,0.012329729553112389,0.008793092326291965,0.0336981711806312,0.007779535308900264,56,0.013806162064116608,0.0020690446253865498
Pattern3,Monocyte,D28,28.0,3,3,83,0.06975303791395653,0.04552925339516382,0.05219193959791508,0.035619500990927096,0.12144767315302737,0.026286326703700513,83,0.0744645160471042,0.0626498460769653
Pattern3,NK_cell,D28,28.0,3,3,106,0.04202315481199912,0.029628133226177546,0.0311800805199343,0.01934403211896906,0.075545351797094,0.017105810693719702,106,0.026711393173178367,0.0214544525370002
Pattern3,Neutrophil,D28,28.0,3,3,11,0.0043162371484413405,0.004847591481621888,0.0031803305751964004,0.00013746204960322063,0.0096309188205244,0.0027987582468357343,11,0.004109708680578624,0.0001073042076313
Pattern3,Plasmablast,D28,28.0,1,1,1,0.0023710990790277,,0.0023710990790277,0.0023710990790277,0.0023710990790277,,1,0.0023710990790277,0.0023710990790277
Pattern3,T_cell,D28,28.0,3,3,343,0.021734622724159974,0.012418743082722698,0.021649383800557816,0.009358718501597427,0.03419576587032467,0.007169964661806753,343,0.021972482703067144,0.0061260107904672
Pattern4,B_cell,D0,0.0,3,3,73,0.11318870570012046,0.08879396551424934,0.15064535578698277,0.011803754576571153,0.17711700673680747,0.051265219892066206,73,0.12049550579008719,0.0865428745746613
Pattern4,Monocyte,D0,0.0,3,3,110,0.07329819456254612,0.03243538130839251,0.06865958310418818,0.04343184473797552,0.10780315584547467,0.018726576129668573,110,0.0648946362643936,0.05792075768113135
Pattern4,NK_cell,D0,0.0,3,3,88,0.27971186360977884,0.21378928717831971,0.37958388385318564,0.034263593024468054,0.42528811395168287,0.1234313025022611,88,0.16110417616850461,0.0590883772820234
Pattern4,Neutrophil,D0,0.0,2,2,3,0.000952391128521375,0.0005381320319219761,0.000952391128521375,0.00057187431957565,0.0013329079374671,0.00038051680894572493,3,0.0008255521922061333,0.0007059270865283
Pattern4,Plasmablast,D0,0.0,2,2,2,0.15599280782043926,0.1846829356809203,0.15599280782043926,0.0254022516310215,0.286583364009857,0.13059055618941773,2,0.15599280782043926,0.15599280782043926
Pattern4,T_cell,D0,0.0,3,3,324,0.1291401700469074,0.098649626997585,0.1728973216299452,0.01618068148675764,0.19834250702401934,0.05695538870251188,324,0.1417286829219124,0.110843248665333
Pattern4,B_cell,D2,2.0,3,3,38,0.10160607700166807,0.06736146456359242,0.1398200487430585,0.02382766553926529,0.1411705167226804,0.03889115969879752,38,0.11593367911316334,0.10668472200632101
Pattern4,Monocyte,D2,2.0,3,3,86,0.08438325051373613,0.04723777946700169,0.08221958348864644,0.038264483206731106,0.13266568484583083,0.027272744691193604,86,0.07049861265150556,0.059310944750904995
Pattern4,NK_cell,D2,2.0,3,3,118,0.277699770934063,0.18089011004151623,0.35185376194215595,0.07151594196663873,0.4097296088933944,0.10443695372621042,118,0.1738261884794234,0.109162472188473
Pattern4,Neutrophil,D2,2.0,2,2,5,0.010062542849482218,0.004588729719746482,0.010062542849482218,0.006817820947617233,0.0133072647513472,0.0032447219018649828,5,0.00941359846910922,0.0055348477326333
Pattern4,Plasmablast,D2,2.0,3,3,5,0.02397306216281926,0.02276800217129557,0.026604540442349372,3.66074914381898e-06,0.0453109852969646,0.013145112182507482,5,0.025025653474631305,0.0005700813489966
Pattern4,T_cell,D2,2.0,3,3,348,0.155076211408584,0.09187845747073886,0.207110052938497,0.04899050490953321,0.20912807637772174,0.053046052153458666,348,0.17303426121932478,0.135410316288471
Pattern4,B_cell,D4,4.0,3,3,63,0.09190117974816224,0.07326579414200607,0.10851577065692711,0.01175487596293214,0.15543289262462748,0.04230002597027891,63,0.10032533205669678,0.0789056494832039
Pattern4,Monocyte,D4,4.0,3,3,72,0.078576466108275,0.036571544875249114,0.07533261987255706,0.0437349007649126,0.11666187768735532,0.021114591278405554,72,0.07283629141177522,0.07435504719614985
Pattern4,NK_cell,D4,4.0,3,3,103,0.30034270968348203,0.21998396803891063,0.3889057193882764,0.04988072278158083,0.46224168688058875,0.1270078031646671,103,0.13457283597089337,0.0669004172086716
Pattern4,Neutrophil,D4,4.0,3,3,10,0.009520370540687688,0.0017401832476796617,0.010461915439615633,0.00751227651198858,0.01058691967045885,0.00100469526648713,10,0.009012096821970749,0.0050746111664921
Pattern4,Plasmablast,D4,4.0,3,3,4,0.06651493055930292,0.06056975218093441,0.0807878524065018,8.33799931569956e-05,0.11867355927824996,0.034969962726411404,4,0.07955458773903967,0.08509750291705134
Pattern4,T_cell,D4,4.0,3,3,348,0.13388078849141305,0.09859250546848837,0.1749858401804741,0.021386633453227125,0.2052698918405379,0.056922409572311414,348,0.15793864949052214,0.1339503452181815
Pattern4,B_cell,D6,6.0,3,3,61,0.12310558907435924,0.1046290638295397,0.14892317302753463,0.007984614521713382,0.21240897967382968,0.060407618167043285,61,0.12964844805858175,0.0778631269931793
Pattern4,Monocyte,D6,6.0,3,3,64,0.06832235142433872,0.0369732598066311,0.047464935003905945,0.0464904323014244,0.11101168696768579,0.021346521502176436,64,0.0628795982483364,0.04921205714344975
Pattern4,NK_cell,D6,6.0,3,3,110,0.30973868357452466,0.23607130347078323,0.40220071375370026,0.04143169037439573,0.48558364659547804,0.13629583060680253,110,0.14842433866036012,0.05680304393172265
Pattern4,Neutrophil,D6,6.0,3,3,12,0.01819157593349194,0.010133885100493855,0.019142924664265575,0.00761556350820075,0.0278162396280095,0.005850801290706865,12,0.014824796580190482,0.008104922017082551
Pattern4,Plasmablast,D6,6.0,3,3,6,0.12375544272095822,0.106528022124085,0.08491917635883804,0.04209426145560259,0.244252890348434,0.06150398224957889,6,0.09719982372269222,0.042119377749259015
Pattern4,T_cell,D6,6.0,3,3,347,0.15317152090671815,0.12962317116366887,0.17823668088101785,0.012846257955625218,0.2684316238835114,0.07483797276455716,347,0.18537869876302604,0.167371958494186
Pattern4,B_cell,D8,8.0,3,3,60,0.1290580206472092,0.13723444716566202,0.10866199321203976,0.003163069677001395,0.2753489990525865,0.07923234501318445,60,0.14618394790048975,0.09979000687599165
Pattern4,Monocyte,D8,8.0,3,3,88,0.09519021358945796,0.01530253583115182,0.09121559113557728,0.08226714637970142,0.11208790325309521,0.008834923181399397,88,0.09192563516649876,0.09505151584744455
Pattern4,NK_cell,D8,8.0,3,3,105,0.23700813093310505,0.16058029261965778,0.32546536624431593,0.05165007439730808,0.3339089521576912,0.0927110751705083,105,0.08904334612021511,0.0491820238530636
Pattern4,Neutrophil,D8,8.0,2,2,8,0.016618314348761477,0.008306573495006268,0.016618314348761477,0.010744679902018104,0.02249194879550485,0.005873634446743372,8,0.016618314348761477,0.008288257056847199
Pattern4,Plasmablast,D8,8.0,2,2,4,0.06100668987277649,0.08626785743409525,0.06100668987277649,6.102882693426201e-06,0.12200727686285956,0.06100058699008306,4,0.06100668987277649,0.03549487114378281
Pattern4,T_cell,D8,8.0,3,3,335,0.13346782418699563,0.1254612037595097,0.1249497633406597,0.012482710522111322,0.2629709986982159,0.07243505976340742,335,0.16610359372695815,0.144097805023193
Pattern4,B_cell,D10,10.0,3,3,46,0.1181352240330006,0.102104342474442,0.15070663177022264,0.0037188710243280265,0.19998016930445114,0.05894996961304883,46,0.15402875619942766,0.1015158109366895
Pattern4,Monocyte,D10,10.0,3,3,117,0.06312357145285677,0.053098404065185664,0.03554005887610965,0.02949378316794539,0.12433687231451528,0.030656377880574463,117,0.05127426647038187,0.0234321672469378
Pattern4,NK_cell,D10,10.0,3,3,114,0.24586547273629047,0.2090588547917712,0.272814095020294,0.024639065131719984,0.4401432580568574,0.120700186090504,114,0.11135500665820021,0.02442100178450345
Pattern4,Neutrophil,D10,10.0,3,3,16,0.0054321373561894044,0.008527714481283446,0.00084117370715825,0.0001834688737289,0.015271769487681065,0.0049234782513412675,16,0.012524926226743704,0.000902410087292
Pattern4,Plasmablast,D10,10.0,3,3,6,0.08177458971855835,0.014642611686924762,0.08165694713943596,0.0671911537647247,0.0964756682515144,0.008453915799085172,6,0.08171576842899715,0.08195006474852559
Pattern4,T_cell,D10,10.0,3,3,301,0.12275037655527204,0.11421167533888875,0.12414191386218558,0.007849290592776068,0.23625992521085448,0.06594014150150557,301,0.14349330574652908,0.0962257832288742
Pattern4,B_cell,D14/15,14.5,3,3,23,0.1770530745357151,0.17943706001856713,0.15677937865257263,0.008613912191651231,0.3657659327629214,0.10359803490431477,23,0.19990486509725133,0.147784367203712
Pattern4,Monocyte,D14/15,14.5,3,3,103,0.14723399946459995,0.09779430178019524,0.17302987972895303,0.039127578188586906,0.22954454047625986,0.05646156645800723,103,0.12662482253478,0.068458765745163
Pattern4,NK_cell,D14/15,14.5,3,3,144,0.3391066118340516,0.27514207438708244,0.39917148303772715,0.038894014981445464,0.5792543374829823,0.1588533507127741,144,0.24403804772888446,0.09139155223965645
Pattern4,Neutrophil,D14/15,14.5,2,2,2,0.000555577869818,0.0004494683878915493,0.000555577869818,0.0002377557248109,0.0008734000148251,0.0003178221450071,2,0.000555577869818,0.000555577869818
Pattern4,Plasmablast,D14/15,14.5,3,3,5,0.12094081543667333,0.1387609035942455,0.09027291834354396,7.93219442130066e-05,0.272470206022263,0.08011364504313336,5,0.10867365659942159,0.0860890448093414
Pattern4,T_cell,D14/15,14.5,3,3,323,0.12828104605705137,0.10447472689498008,0.13911110771433088,0.01881313980848236,0.22691889064834087,0.06031851169632939,323,0.14758445626592237,0.0965618118643761
Pattern4,B_cell,D28,28.0,3,3,56,0.1432167744951567,0.13017092795206375,0.13933227899380843,0.015031571241339208,0.2752864732503225,0.07515422029378739,56,0.17907814859938753,0.165635958313942
Pattern4,Monocyte,D28,28.0,3,3,83,0.06220246105810993,0.0217125665922415,0.05751535308328018,0.04321625151784505,0.08587577857320455,0.012535756166828307,83,0.05832517850846271,0.0479156486690044
Pattern4,NK_cell,D28,28.0,3,3,106,0.29741843576722055,0.23828565967659504,0.40570270726152546,0.0242193598932581,0.4623332401468781,0.1375742897583097,106,0.10620725318908683,0.0297835096716881
Pattern4,Neutrophil,D28,28.0,3,3,11,0.015893832539990774,0.02311384010113987,0.00493010629143096,0.0003020833901245667,0.0424493079384168,0.013344781804399072,11,0.013900427767525354,0.0025559873320162
Pattern4,Plasmablast,D28,28.0,1,1,1,6.05550170007518e-08,,6.05550170007518e-08,6.05550170007518e-08,6.05550170007518e-08,,1,6.05550170007518e-08,6.05550170007518e-08
Pattern4,T_cell,D28,28.0,3,3,343,0.14602526104341734,0.14690287875815888,0.12866104940909714,0.0085761966634794,0.3008385370576755,0.08481441659575399,343,0.17777960471860427,0.139981836080551
Pattern5,B_cell,D0,0.0,3,3,73,0.13337707775204993,0.028864247422559497,0.13349956398657017,0.10445178212803849,0.16217988714154113,0.01666478101937069,73,0.13100636776840627,0.0833543986082077
Pattern5,Monocyte,D0,0.0,3,3,110,0.21354100821369104,0.046793475026438054,0.23201147641360934,0.16033122854010787,0.24828031968735592,0.027016225402832043,110,0.20318705425858302,0.184830620884895
Pattern5,NK_cell,D0,0.0,3,3,88,0.07377336544502776,0.005908374651932994,0.07134412547677693,0.06946684551876384,0.08050912533954249,0.0034112016957666756,88,0.07706721857447586,0.0157668036408722
Pattern5,Neutrophil,D0,0.0,2,2,3,0.030738526023924323,0.006737712423873957,0.030738526023924323,0.0259742438793182,0.03550280816853045,0.004764282144606124,3,0.03232662007212637,0.0348074212670326
Pattern5,Plasmablast,D0,0.0,2,2,2,0.8388508558273315,0.06957475311632812,0.8388508558273315,0.789654076099396,0.888047635555267,0.049196779727935486,2,0.8388508558273315,0.8388508558273315
Pattern5,T_cell,D0,0.0,3,3,324,0.09220213228328233,0.030354130423257398,0.10762668499316584,0.05723301065917674,0.11174670119750443,0.01752496537088467,324,0.09682123642451963,0.0740749575197697
Pattern5,B_cell,D2,2.0,3,3,38,0.12577080811416735,0.018371487796783298,0.13351670495000387,0.10479486652184272,0.13900085287065547,0.010606783424886763,38,0.12963479735485872,0.06862745434045794
Pattern5,Monocyte,D2,2.0,3,3,86,0.19856244378958943,0.03319746367835277,0.21685939502327237,0.16024227339270952,0.21858566295278645,0.019166564591109797,86,0.1914652090630543,0.1843676641583445
Pattern5,NK_cell,D2,2.0,3,3,118,0.052718671133619534,0.018531233907594605,0.04683301335242434,0.03784504963419903,0.07347795041423524,0.010699012884965666,118,0.04322603169407485,0.00021819880930699998
Pattern5,Neutrophil,D2,2.0,2,2,5,0.04617810637379686,0.010872750487504695,0.04617810637379686,0.03848991077393295,0.05386630197366077,0.0076881955998639095,5,0.04771574549376965,0.0492183566093445
Pattern5,Plasmablast,D2,2.0,3,3,5,0.5654146836863626,0.35706864447750913,0.729339182376862,0.155817598104477,0.8110872705777487,0.2061536780082647,5,0.6636837184429171,0.729339182376862
Pattern5,T_cell,D2,2.0,3,3,348,0.09976589375852134,0.02018618874832845,0.09881959930073929,0.08006949435684775,0.12040858761797697,0.011654501507760024,348,0.1024171832151148,0.07166627049446105
Pattern5,B_cell,D4,4.0,3,3,63,0.135486314165461,0.0721053418814784,0.15406081458414433,0.055910933532184084,0.19648719438005455,0.04163003854528155,63,0.12588740268629603,0.0683945491909981
Pattern5,Monocyte,D4,4.0,3,3,72,0.22041319211588253,0.0581001803836512,0.21109754418349835,0.16753368047889686,0.2826083516852524,0.03354415478446684,72,0.23034524871334838,0.23547779768705351
Pattern5,NK_cell,D4,4.0,3,3,103,0.03485346182055354,0.03278242195160799,0.017147063447488616,0.01473167556267183,0.07268164645150016,0.018926940138448773,103,0.05955394649834666,0.0019721544813364
Pattern5,Neutrophil,D4,4.0,3,3,10,0.04575236855695645,0.00894741848964256,0.045326572842896,0.037025449797511066,0.05490508303046228,0.005165794473547367,10,0.04762549102306366,0.0492453332990408
Pattern5,Plasmablast,D4,4.0,3,3,4,0.6096298322081565,0.19416740877874797,0.689214766025543,0.3883141949772835,0.751360535621643,0.11210260572626225,4,0.5543009229004382,0.656100809574127
Pattern5,T_cell,D4,4.0,3,3,348,0.07365296890005237,0.024296141270174702,0.07412169112187807,0.04912585773424945,0.0977113578440296,0.014027383702604541,348,0.06802892722058393,0.0077236404176801
Pattern5,B_cell,D6,6.0,3,3,61,0.15728404324323272,0.07563376575616328,0.13925260812897025,0.09229559177423219,0.24030392982649576,0.04366717501914597,61,0.15267149122945978,0.10961239784956
Pattern5,Monocyte,D6,6.0,3,3,64,0.20019537334947626,0.0429959894710495,0.20263614830371493,0.15603098659642,0.24191898514829385,0.024823746095184746,64,0.21001248197348413,0.1924734860658645
Pattern5,NK_cell,D6,6.0,3,3,110,0.07323875091269964,0.021281632184642314,0.07535861215646937,0.050976520659105566,0.09338111992252396,0.012286956070597843,110,0.08702032947317452,0.00134820316452525
Pattern5,Neutrophil,D6,6.0,3,3,12,0.048089876848583395,0.010391598742020738,0.05124314222484825,0.03648687829263505,0.05653961002826688,0.00599959233101625,12,0.050549254170618924,0.0528857707977295
Pattern5,Plasmablast,D6,6.0,3,3,6,0.6097838779290518,0.10033216196815421,0.6044834852218627,0.512206971645355,0.7126611769199375,0.05792680072069097,6,0.6251632968584696,0.6535687148571014
Pattern5,T_cell,D6,6.0,3,3,347,0.0976057730719913,0.034085114066378666,0.08235312338745489,0.07381056852565948,0.1366536273028595,0.019679049781582823,347,0.0887405340824328,0.0606250651180744
Pattern5,B_cell,D8,8.0,3,3,60,0.12385490550944715,0.0626928286086498,0.15557388168245337,0.051640997260407204,0.16434983758548086,0.03619572147346304,60,0.11792693162975922,0.0595227051526308
Pattern5,Monocyte,D8,8.0,3,3,88,0.17272102940680437,0.07039634316417331,0.17805798602705405,0.09980810077202235,0.24029700142133673,0.04064334767580074,88,0.18908970257482913,0.147332474589348
Pattern5,NK_cell,D8,8.0,3,3,105,0.1394208291472602,0.06944074219334843,0.10388565307322942,0.09493927966090263,0.21943755470764859,0.04009163119805712,105,0.09943361235305341,0.0310280527919531
Pattern5,Neutrophil,D8,8.0,2,2,8,0.04569434372388061,0.02009663485212841,0.04569434372388061,0.0314838769409107,0.05990481050685052,0.014210466782969909,8,0.045694343723880614,0.038131859153509154
Pattern5,Plasmablast,D8,8.0,2,2,4,0.5814968198537828,0.05102295373386406,0.5814968198537828,0.5454181432724,0.6175754964351655,0.03607867658138275,4,0.5814968198537828,0.5777757465839385
Pattern5,T_cell,D8,8.0,3,3,335,0.08988677713041998,0.026175223338218062,0.09391875792745034,0.0619295133447929,0.11381206011901668,0.015112272240418773,335,0.08263657973927686,0.0393929742276669
Pattern5,B_cell,D10,10.0,3,3,46,0.05321519321608136,0.035011497692271194,0.05700292639299305,0.016463834194989126,0.0861788190602619,0.020213897617364737,46,0.065034647976137,0.0005492918717209
Pattern5,Monocyte,D10,10.0,3,3,117,0.15299451098684855,0.07574142545737209,0.15895356406629924,0.07444957704987651,0.22558039184436993,0.04372933237661975,117,0.1537861137894477,0.123239204287529
Pattern5,NK_cell,D10,10.0,3,3,114,0.11222527406807735,0.03898761222617524,0.11093196659997127,0.07390040712429033,0.15184344847997044,0.022509508413843023,114,0.08309798109386946,0.0051823633257299
Pattern5,Neutrophil,D10,10.0,3,3,16,0.031092643564849042,0.018987576627925776,0.024723788204517823,0.0161082427948713,0.052445899695158,0.010962482477391594,16,0.027650580552744938,0.03060542792081835
Pattern5,Plasmablast,D10,10.0,3,3,6,0.583628997206688,0.2890804243453792,0.703759118914604,0.253852874040604,0.793274998664856,0.16690066081325594,6,0.643694058060646,0.7231184840202329
Pattern5,T_cell,D10,10.0,3,3,301,0.06090407836011135,0.015449780749722468,0.058290360142676585,0.046927872232287275,0.0774940027053702,0.008919935074772966,301,0.05768467628458926,0.0001728953211568
Pattern5,B_cell,D14/15,14.5,3,3,23,0.12583500670477102,0.05196009415026696,0.13984472242494417,0.06830641894293871,0.16935387874643018,0.029999174344774927,23,0.12265987503680818,0.0720984116196632
Pattern5,Monocyte,D14/15,14.5,3,3,103,0.15653385113947912,0.032463875829773475,0.14071961872569544,0.1350073849316686,0.19387454976107332,0.018743027449258303,103,0.16757205795607197,0.147419363260269
Pattern5,NK_cell,D14/15,14.5,3,3,144,0.22898506649439251,0.15621016053067668,0.21702323324027223,0.07909969375162049,0.39083227249128477,0.09018797823254084,144,0.17419524671205147,0.1110080629587175
Pattern5,Neutrophil,D14/15,14.5,2,2,2,0.0108060904312879,0.0073281894422393395,0.0108060904312879,0.0056242779828608,0.015987902879715,0.0051818124484271,2,0.0108060904312879,0.0108060904312879
Pattern5,Plasmablast,D14/15,14.5,3,3,5,0.8092036578390331,0.0692460106360897,0.797341585159302,0.74665492773056,0.8836144606272377,0.03997920288105408,5,0.838967978954315,0.797341585159302
Pattern5,T_cell,D14/15,14.5,3,3,323,0.12371076521761264,0.03667509547688317,0.10966980859037227,0.09613064699038598,0.16533184007207966,0.021174376246133726,323,0.1333906081285157,0.0823276937007904
Pattern5,B_cell,D28,28.0,3,3,56,0.10176551342459099,0.04749847686387235,0.07608209476812691,0.07263846283576789,0.15657598266987813,0.027423258403453915,56,0.09717405220607137,0.04921882413327695
Pattern5,Monocyte,D28,28.0,3,3,83,0.20034507868556448,0.028159673021198,0.20630320491940024,0.16968311952258514,0.22504891161470805,0.016257994799080508,83,0.19669115760872882,0.178479075431824
Pattern5,NK_cell,D28,28.0,3,3,106,0.048739333443123846,0.03256723567893148,0.06006832870724599,0.012020605189516352,0.0741290664326092,0.018802702285993077,106,0.057580586641630814,7.84975190981639e-06
Pattern5,Neutrophil,D28,28.0,3,3,11,0.034954773074019216,0.01603543342461436,0.035336218929539136,0.01873201972557581,0.0507960805669427,0.009258061804273424,11,0.0378350108000053,0.040826328098774
Pattern5,Plasmablast,D28,28.0,1,1,1,0.744561016559601,,0.744561016559601,0.744561016559601,0.744561016559601,,1,0.744561016559601,0.744561016559601
Pattern5,T_cell,D28,28.0,3,3,343,0.051195737493948845,0.013899748967565552,0.045750922631431795,0.04084265202069227,0.06699363782972247,0.008025023808092195,343,0.052742013269505714,0.0002118034171871
Pattern6,B_cell,D0,0.0,3,3,73,0.11747557637160311,0.18494348819345668,0.016513714895948103,0.004986814464782005,0.3309261997540792,0.1067771726933606,73,0.10301357340610703,0.0008890915196388
Pattern6,Monocyte,D0,0.0,3,3,110,0.0356768594389389,0.036072826175447235,0.03159446904963182,0.0018188992839745096,0.07361720998321036,0.02082665590282504,110,0.033611802857140306,0.0005769867930212
Pattern6,NK_cell,D0,0.0,3,3,88,0.16439111280421226,0.28458895714062504,0.0001556282081020511,1.158589629994821e-05,0.49300612430823476,0.16430751101353475,88,0.3193719674648014,0.41132891178131104
Pattern6,Neutrophil,D0,0.0,2,2,3,0.00020505843258432263,2.014217672397051e-05,0.00020505843258432263,0.00019081576283494522,0.0002193011023337,1.4242669749377386e-05,3,0.0002003108760011968,0.0002193011023337
Pattern6,Plasmablast,D0,0.0,2,2,2,0.03019507235694618,0.042644065329453786,0.03019507235694618,4.11645851272624e-05,0.0603489801287651,0.030153907771818915,2,0.03019507235694618,0.03019507235694618
Pattern6,T_cell,D0,0.0,3,3,324,0.23257896087874655,0.33002015116377015,0.05365512895139594,0.030659688447421774,0.613422065237422,0.1905372231124037,324,0.18358958798876557,0.0513607207685709
Pattern6,B_cell,D2,2.0,3,3,38,0.09733487893305819,0.14368789674892218,0.029633739620582362,3.7864791769000826e-06,0.26236711069941526,0.08295824586728139,38,0.06693420466030818,0.001244181377842292
Pattern6,Monocyte,D2,2.0,3,3,86,0.035872301714543454,0.03608265101860532,0.032369338808377626,0.0016688858281959696,0.07357868050705677,0.020832328278667107,86,0.034259927294765145,0.0001006979218800366
Pattern6,NK_cell,D2,2.0,3,3,118,0.1583590841544059,0.25487902903789605,0.020987165972822342,0.0016342260366286599,0.4524558604537667,0.14715447602581974,118,0.30089869203782893,0.348534405231476
Pattern6,Neutrophil,D2,2.0,2,2,5,0.01355798247459461,0.01461903271738847,0.01355798247459461,0.003220765305741221,0.023895199643448,0.010337217168853387,5,0.011490539040823932,0.0007828758098185
Pattern6,Plasmablast,D2,2.0,3,3,5,0.03180791768762795,0.05509292951794038,0.0,0.0,0.09542375306288386,0.03180791768762796,5,0.05725425183773032,0.0428859516978264
Pattern6,T_cell,D2,2.0,3,3,348,0.2599636444578382,0.35751988492493675,0.06581369417158947,0.04152346034609352,0.6725537788558316,0.20641420180205627,348,0.1891051304074624,0.0550030209124088
Pattern6,B_cell,D4,4.0,3,3,63,0.12213476298568969,0.18325877517214728,0.02209858540057893,0.010664923256588178,0.33364078029990196,0.10580450317700034,63,0.09722770526123561,0.000228900273214
Pattern6,Monocyte,D4,4.0,3,3,72,0.0318161708385718,0.027637051346709147,0.03086229797840392,0.00466840451793615,0.05991781001937532,0.015956259034630035,72,0.03585165862204005,0.00585016398690635
Pattern6,NK_cell,D4,4.0,3,3,103,0.1637521057024103,0.2680538234103133,0.018150767270221028,8.825661810263348e-06,0.4730967241751996,0.1547609471032528,103,0.36568081642192996,0.421703428030014
Pattern6,Neutrophil,D4,4.0,3,3,10,0.007423421518271592,0.010957372562405306,0.0017532542721406623,0.0004630512967196139,0.0200539589859545,0.006326241998515723,10,0.004768293727192905,0.00065936197643165
Pattern6,Plasmablast,D4,4.0,3,3,4,0.032547116315811316,0.056370890993455776,2.7344717068444854e-06,0.0,0.0976386144757271,0.03254574908953074,4,0.024411020854785196,2.7344717068444854e-06
Pattern6,T_cell,D4,4.0,3,3,348,0.2592995253940448,0.350934054305703,0.060099102635106275,0.05329524703075311,0.6645042265162749,0.2026118707212044,348,0.17564003177231663,0.06673621758818625
Pattern6,B_cell,D6,6.0,3,3,61,0.1171949365436704,0.1729993726779296,0.022941786394859356,0.011789414300080485,0.3168536089360714,0.09988123438523906,61,0.09491429036216402,0.0002310082345502
Pattern6,Monocyte,D6,6.0,3,3,64,0.03550371343499034,0.04334620213282173,0.02265012100360761,3.800303499487567e-05,0.08382301626636854,0.025025941469732558,64,0.04627439831109468,0.01098191924393175
Pattern6,NK_cell,D6,6.0,3,3,110,0.1643406710105252,0.24803569097858494,0.03747893531032105,0.005395103484545417,0.4501479742367092,0.14320347295512084,110,0.34277157655902674,0.37771236896514904
Pattern6,Neutrophil,D6,6.0,3,3,12,0.0014421599083662576,0.0018245899015805615,0.0006196291360538,0.00017363046913485377,0.003533220119910119,0.00105342747083821,12,0.001927758405675644,0.00051593536045395
Pattern6,Plasmablast,D6,6.0,3,3,6,0.06594761151433673,0.08980215769747393,0.029620537560006707,0.0,0.16822229698300348,0.0518472999204458,6,0.07088436777433785,0.03694116786937227
Pattern6,T_cell,D6,6.0,3,3,347,0.24563597766383213,0.345442983417275,0.0642342871727084,0.028682918647722606,0.6439907271710653,0.19944159946563114,347,0.15504671586975016,0.0420856662094593
Pattern6,B_cell,D8,8.0,3,3,60,0.11535253600128574,0.16903719128379266,0.019496002515693237,0.01603198007236206,0.3105296254158019,0.09759366789075596,60,0.09098426667816564,0.00049434958782505
Pattern6,Monocyte,D8,8.0,3,3,88,0.028841711068211276,0.01447871369830488,0.031185876608314306,0.013333944976534437,0.04200531161978508,0.008359289251235845,88,0.028696215749750554,0.0020331399282439997
Pattern6,NK_cell,D8,8.0,3,3,105,0.18872634376000508,0.2641264271596912,0.07560388112575699,1.5158323852422965e-06,0.490573634321873,0.1524934638207418,105,0.43308426631591357,0.460602760314941
Pattern6,Neutrophil,D8,8.0,2,2,8,0.0038105334941178222,0.00426503060340401,0.0038105334941178222,0.0007947014324826938,0.006826365555752951,0.003015832061635128,8,0.0038105334941178222,0.00090155762154605
Pattern6,Plasmablast,D8,8.0,2,2,4,0.03338460319122306,0.01493678347981765,0.03338460319122306,0.0228227023035288,0.043946504078917314,0.010561900887694256,4,0.03338460319122306,0.02282293275754911
Pattern6,T_cell,D8,8.0,3,3,335,0.2603886624302553,0.3353273531133341,0.09480606105605377,0.04006078632774931,0.6462991399069627,0.19360133758662815,335,0.1496399927726346,0.0571858808398247
Pattern6,B_cell,D10,10.0,3,3,46,0.08756790729313124,0.1347092401147503,0.010105890024284405,0.009481510192047491,0.24311632166306185,0.07777441604258102,46,0.040240659002983604,1.0071134511235889e-05
Pattern6,Monocyte,D10,10.0,3,3,117,0.01988942048918385,0.01410421016423314,0.021873651516713725,0.004898166974138331,0.032896442976699504,0.00814306953502706,117,0.01986678985571735,2.15318214031868e-05
Pattern6,NK_cell,D10,10.0,3,3,114,0.14212858123927014,0.2407801052570753,0.0062516751778373784,0.0,0.42013406853997304,0.13901445858567885,114,0.3292058680172809,0.3931447416543965
Pattern6,Neutrophil,D10,10.0,3,3,16,0.0016842149806250454,0.002171366315839851,0.0007476265891455,0.0001383261369482793,0.004166692215781357,0.001253638926959424,16,0.003449454854262481,0.0003491089737508
Pattern6,Plasmablast,D10,10.0,3,3,6,0.04722210826973108,0.06109873713939388,0.02543921954929825,0.0,0.116227105259895,0.03527537233457524,6,0.036330663909514664,0.0
Pattern6,T_cell,D10,10.0,3,3,301,0.24217928971719796,0.3196507122448158,0.06191472567467947,0.053375928531034615,0.6112472149458799,0.1845504247612,301,0.15919897159248256,0.0654943063855171
Pattern6,B_cell,D14/15,14.5,3,3,23,0.11064587195153093,0.17257324822093875,0.017021183087510716,0.005118663975565591,0.3097977687915165,0.0996352113152871,23,0.08925767705831392,0.0002610486990306
Pattern6,Monocyte,D14/15,14.5,3,3,103,0.018251663825269687,0.0171158006954506,0.016549622909021997,0.002050472521104414,0.03615489604568265,0.009881812138914389,103,0.020866266698715143,2.79681025858736e-05
Pattern6,NK_cell,D14/15,14.5,3,3,144,0.1561991845174691,0.2490964890613498,0.01873406095865942,0.006124603551459778,0.4437388890422881,0.14381592501376098,144,0.2523960153981643,0.26272936910390854
Pattern6,Neutrophil,D14/15,14.5,2,2,2,0.0005189823859836501,6.853921328024174e-05,0.0005189823859836501,0.000470517843496,0.0005674469284713,4.8464542487650005e-05,2,0.0005189823859836501,0.0005189823859836501
Pattern6,Plasmablast,D14/15,14.5,3,3,5,0.0553864269577642,0.05572673976553348,0.05470805366834003,1.97066560758685e-06,0.111449256539345,0.03217384820469098,5,0.05511507764199454,0.0752638503909111
Pattern6,T_cell,D14/15,14.5,3,3,323,0.25229976000304316,0.3308189798662655,0.062489140230388124,0.06011598283467782,0.6342941569440635,0.1909984270788258,323,0.16611360573437356,0.0730393975973129
Pattern6,B_cell,D28,28.0,3,3,56,0.11106665756091466,0.1689484274293947,0.013833921300147259,0.01321488109904073,0.306151170283556,0.09754242005552499,56,0.09701045232693721,0.00304791587404905
Pattern6,Monocyte,D28,28.0,3,3,83,0.04433897192895168,0.07282004791673617,0.0024395976472533173,0.002153160301696006,0.1284241578379057,0.04204267426712908,83,0.0539407481143606,5.31525947735645e-05
Pattern6,NK_cell,D28,28.0,3,3,106,0.174772069623183,0.2580379740728048,0.03440607043890193,0.01734435820121877,0.47256578022942825,0.14897829379207955,106,0.38382904011194474,0.4247281700372695
Pattern6,Neutrophil,D28,28.0,3,3,11,0.006440928037166771,0.005632045413212614,0.008185418198627274,0.0001430492520739701,0.010994316660799067,0.0032516629354065,11,0.006758108066523225,0.0004101493686903
Pattern6,Plasmablast,D28,28.0,1,1,1,0.164485320448875,,0.164485320448875,0.164485320448875,0.164485320448875,,1,0.164485320448875,0.164485320448875
Pattern6,T_cell,D28,28.0,3,3,343,0.25073201652275906,0.3019148353241167,0.08787847977022284,0.06521007828260374,0.5991074915154505,0.17431061144672033,343,0.16623297970393616,0.0833573490381241
Pattern7,B_cell,D0,0.0,3,3,73,0.022478087523946727,0.012323952322080544,0.02655065327069515,0.008633313764107678,0.03225029553703734,0.0071152371906333155,73,0.02334828240795841,1.78894188138656e-05
Pattern7,Monocyte,D0,0.0,3,3,110,0.016476701038063948,0.003758902736320991,0.01804261004585462,0.012187994615448255,0.019199498452888968,0.002170203506672545,110,0.01585533168395882,8.008589429664426e-05
Pattern7,NK_cell,D0,0.0,3,3,88,0.04675480413331314,0.018329455094125795,0.03993813812485315,0.03281036437799824,0.06751590989708804,0.010582515832692686,88,0.03845512237657609,0.0013458109460770498
Pattern7,Neutrophil,D0,0.0,2,2,3,0.041156167630106225,0.02461047405181178,0.041156167630106225,0.02375393453985455,0.0585584007203579,0.017402233090251677,3,0.035355423266689,0.0394753329455853
Pattern7,Plasmablast,D0,0.0,2,2,2,0.0177419009269215,0.024493418341744358,0.0177419009269215,0.0004224387230351,0.0350613631308079,0.017319462203886395,2,0.0177419009269215,0.0177419009269215
Pattern7,T_cell,D0,0.0,3,3,324,0.4449541526558656,0.14181039105509627,0.4894753443168513,0.28622530179507766,0.5591618118556678,0.08187426744954593,324,0.46898935196718916,0.4498261511325835
Pattern7,B_cell,D2,2.0,3,3,38,0.03713613093512184,0.04205297946441341,0.028518216061487064,5.9683465650533734e-05,0.08283049327822792,0.024279299014004888,38,0.04396600283739287,0.00019299380073785
Pattern7,Monocyte,D2,2.0,3,3,86,0.03453715411418712,0.03582015759760352,0.021532148118292477,0.007036185898121424,0.07504312832614746,0.02068077763139121,86,0.02468083381183114,3.6328716305433745e-05
Pattern7,NK_cell,D2,2.0,3,3,118,0.038546446335883514,0.02891349702162629,0.030225248580285143,0.014705999501892561,0.07070809092547284,0.016693215288649383,118,0.02352903031262114,9.487679926678541e-05
Pattern7,Neutrophil,D2,2.0,2,2,5,0.027742208001048603,0.0025824870899412928,0.027742208001048603,0.0259161138674244,0.029568302134672802,0.0018260941336242014,5,0.02810742682777344,0.0212089587002993
Pattern7,Plasmablast,D2,2.0,3,3,5,5.745051057853441e-05,4.16414905713492e-05,7.647118964841865e-05,9.69524899119278e-06,8.61850930959918e-05,2.4041725790825724e-05,5,6.50587822064881e-05,9.69524899119278e-06
Pattern7,T_cell,D2,2.0,3,3,348,0.4190441281601433,0.16150029966657128,0.43496219092396554,0.25017422626049,0.5719959672959744,0.09324224148670017,348,0.4558979081978672,0.4447859078645705
Pattern7,B_cell,D4,4.0,3,3,63,0.0324823578990336,0.025944745626858636,0.04467348767997431,0.0026873817998307433,0.050086204217295746,0.0149792058717232,63,0.03615825306649397,0.0005953193176537
Pattern7,Monocyte,D4,4.0,3,3,72,0.02161097542359902,0.012546186348524243,0.017780563783058305,0.011426480756257967,0.035625881731480784,0.00724354406562368,72,0.018249947510373628,9.229516945197244e-05
Pattern7,NK_cell,D4,4.0,3,3,103,0.026244331366803143,0.00742919117269618,0.02246216427033679,0.02146725995873302,0.034803569871339625,0.004289245523417332,103,0.023616193872272203,0.0001142639594036
Pattern7,Neutrophil,D4,4.0,3,3,10,0.04383442234247922,0.005307314283652381,0.045737811177968976,0.03783788718283175,0.04792756866663694,0.003064179330340648,10,0.04481475362554192,0.0392270926386118
Pattern7,Plasmablast,D4,4.0,3,3,4,5.430103971092246e-05,9.342883139914148e-05,7.20559626188333e-07,0.0,0.00016218255950657903,5.39411609583665e-05,4,8.12714196598366e-05,2.5340266660123217e-05
Pattern7,T_cell,D4,4.0,3,3,348,0.4299334694186951,0.1378492853454891,0.4973939401235339,0.27134635944788205,0.5210601086846692,0.07958732200181567,348,0.46335665170303053,0.4820271879434585
Pattern7,B_cell,D6,6.0,3,3,61,0.03242375529074586,0.01445309847105641,0.03033314616492682,0.019129810552302996,0.047808309155007764,0.008344500292888588,61,0.03226469372278575,0.0001636749948374
Pattern7,Monocyte,D6,6.0,3,3,64,0.02356040343661928,0.014696199353347459,0.023830685767478595,0.008730927103188684,0.038119597439190564,0.00848485465271956,64,0.026741003963262074,0.00012571206752905
Pattern7,NK_cell,D6,6.0,3,3,110,0.03900190126990959,0.0236151639447676,0.03599430800087947,0.017034614521156743,0.06397678128769257,0.013634221260468718,110,0.03458217997087993,0.00071537838084615
Pattern7,Neutrophil,D6,6.0,3,3,12,0.04634563340288069,0.006340128271123282,0.047265786056717246,0.039595706854015554,0.05217540729790925,0.003660474764029784,12,0.047623979936664305,0.04828802682459355
Pattern7,Plasmablast,D6,6.0,3,3,6,0.0032575099706314554,0.005611078535078306,3.43812016581069e-05,1.55105976773484e-06,0.009736597650468524,0.003239557702671591,6,0.0048800177357482535,3.43812016581069e-05
Pattern7,T_cell,D6,6.0,3,3,347,0.39134284670937275,0.14454241727261274,0.3494832185330327,0.2723500427627375,0.5521952788323481,0.08345160352166218,347,0.41784924282316205,0.387899994850159
Pattern7,B_cell,D8,8.0,3,3,60,0.05441202775487606,0.0647200048550338,0.024245893621352727,0.010282070139442104,0.12870811950383335,0.03736611222500766,60,0.059057753907784644,0.00014064795686860002
Pattern7,Monocyte,D8,8.0,3,3,88,0.03967915252964571,0.02837576034141918,0.04687157129670335,0.008399272703722233,0.06376661358851154,0.01638275287157867,88,0.03330952034658969,0.0007951324805617001
Pattern7,NK_cell,D8,8.0,3,3,105,0.06164768735938877,0.03233591651344435,0.07297180699185907,0.025172728739623815,0.08679852634668343,0.01866915010353036,105,0.03194098829767874,9.62976846494712e-05
Pattern7,Neutrophil,D8,8.0,2,2,8,0.049642089065855544,0.005660305876630344,0.049642089065855544,0.045639648396900157,0.053644529734810924,0.004002440668955381,8,0.049642089065855544,0.051172416657209396
Pattern7,Plasmablast,D8,8.0,2,2,4,0.012314291321700904,0.017260390731508132,0.012314291321700904,0.00010935198952206845,0.024519230653879738,0.012204939332178833,4,0.012314291321700904,0.00010935198952206845
Pattern7,T_cell,D8,8.0,3,3,335,0.40605299387827665,0.1189422021965113,0.35618584366889827,0.3201614907702605,0.5418116471956711,0.0686713124561627,335,0.43303196302062297,0.420575529336929
Pattern7,B_cell,D10,10.0,3,3,46,0.0368554185754414,0.03195934061892803,0.05350850197434434,8.61105011532951e-06,0.05704914270186452,0.01845173390946104,46,0.04799269389342063,0.002671970432857
Pattern7,Monocyte,D10,10.0,3,3,117,0.009493114168230714,0.007975791255963658,0.008651429308064467,0.001971543797040441,0.017856369399587235,0.0046048252286308815,117,0.010821557956388807,1.86948072951054e-05
Pattern7,NK_cell,D10,10.0,3,3,114,0.07922020837591313,0.09072815572614543,0.034994614780881506,0.01908538578634261,0.18358062456051527,0.05238192513156835,114,0.026484409946012553,3.7155075915507054e-05
Pattern7,Neutrophil,D10,10.0,3,3,16,0.03672846889411372,0.007299020518094046,0.035056184977293,0.0304107097908854,0.044718511914162755,0.004214091460942199,16,0.042326141215198725,0.0398722030222416
Pattern7,Plasmablast,D10,10.0,3,3,6,0.0009909662240753566,0.0015247800562281683,0.0002240303292637,1.91414619621355e-06,0.002746954196766156,0.0008803321759183057,6,0.0018689602104207564,0.000134647776576423
Pattern7,T_cell,D10,10.0,3,3,301,0.4042220846504738,0.10167057052425439,0.45786177458657,0.28696445632614825,0.46784002303870326,0.058699531260841105,301,0.43024807550670063,0.437179565429688
Pattern7,B_cell,D14/15,14.5,3,3,23,0.053267652170019476,0.04794150758505395,0.04421201570384407,0.01049975457522123,0.10509118623099313,0.027679042309587384,23,0.05659287646234213,0.0003271819732617
Pattern7,Monocyte,D14/15,14.5,3,3,103,0.01880262379991011,0.006176830185205347,0.016555388005289662,0.014064016897760975,0.0257884664966797,0.003566194570166913,103,0.016080194196779855,1.09786369648646e-05
Pattern7,NK_cell,D14/15,14.5,3,3,144,0.016884760224701954,0.01263933020811836,0.0123335167018915,0.00715133102831246,0.031169432943901895,0.007297320698033704,144,0.014700509552776539,1.538696142233675e-05
Pattern7,Neutrophil,D14/15,14.5,2,2,2,0.04111297801136975,0.0005564332307529434,0.04111297801136975,0.0407195203006268,0.0415064357221127,0.00039345771074294524,2,0.04111297801136975,0.04111297801136975
Pattern7,Plasmablast,D14/15,14.5,3,3,5,0.0026764036064782313,0.0046087584738076625,2.50832163146697e-05,5.99951135882293e-06,0.007998128091761201,0.002660867945482823,5,0.004805093400591419,0.0007464718655683
Pattern7,T_cell,D14/15,14.5,3,3,323,0.47470956414996945,0.16789416269572663,0.48906076434643964,0.30010044841944006,0.6349674796840287,0.0969337400277446,323,0.5232067770139955,0.57574450969696
Pattern7,B_cell,D28,28.0,3,3,56,0.03775333818009358,0.03120763558020868,0.0429271906673705,0.004282112424615288,0.06605071144829497,0.018017736803005224,56,0.03560201986637473,3.39325597451534e-05
Pattern7,Monocyte,D28,28.0,3,3,83,0.018290209950409444,0.01780460322587268,0.01567808747809935,0.0019359623508449027,0.037256580022284075,0.010279492465272072,83,0.02075730454531798,4.55863919341937e-05
Pattern7,NK_cell,D28,28.0,3,3,106,0.03279158386644695,0.01724108143143173,0.026661731233915496,0.019453048080069663,0.05225997228535568,0.009954143005557367,106,0.02894758731158219,0.00021279560314715
Pattern7,Neutrophil,D28,28.0,3,3,11,0.03906896833796052,0.022305719240079895,0.027430866534511236,0.024989249161444578,0.06478678931792577,0.012878213007728343,11,0.0365090193967758,0.035644419491291
Pattern7,Plasmablast,D28,28.0,1,1,1,7.98025848780526e-06,,7.98025848780526e-06,7.98025848780526e-06,7.98025848780526e-06,,1,7.98025848780526e-06,7.98025848780526e-06
Pattern7,T_cell,D28,28.0,3,3,343,0.36037413258682977,0.1519410058707283,0.3028668939723568,0.24558069551459102,0.5326748082735415,0.0877231806404075,343,0.39016211806758594,0.39724126458168
Pattern8,B_cell,D0,0.0,3,3,73,0.012571055711579711,0.017615724313217195,0.004329477098169539,0.0005868448770706903,0.032796845159498905,0.010170443174206184,73,0.011236996601737286,2.47388270508964e-05
Pattern8,Monocyte,D0,0.0,3,3,110,0.33913035297654065,0.3619748893622715,0.26294916123151774,0.0213092462498545,0.7331326514482498,0.20898629981319247,110,0.3877937193592846,0.3105578571558
Pattern8,NK_cell,D0,0.0,3,3,88,0.003811738575807027,0.003613674922719975,0.00422546645274067,9.006400046018825e-06,0.007200742874634392,0.0020863561893961777,88,0.0044563324110681885,3.12427346216282e-05
Pattern8,Neutrophil,D0,0.0,2,2,3,0.0081000443315133,0.00764726660406644,0.0081000443315133,0.0026926102582365,0.0135074784047901,0.0054074340732768005,3,0.0099025223559389,0.0097182607278227
Pattern8,Plasmablast,D0,0.0,2,2,2,0.03363672921113902,0.04744597839048308,0.03363672921113902,8.7356151198037e-05,0.06718610227108,0.03354937305994098,2,0.03363672921113902,0.03363672921113902
Pattern8,T_cell,D0,0.0,3,3,324,0.002956479142826478,0.000870181832723745,0.0028060684346181914,0.002171307320254795,0.0038920616736064484,0.0005023997153669761,324,0.0028013281112626667,2.07471102839918e-05
Pattern8,B_cell,D2,2.0,3,3,38,0.010580855502904432,0.013467024979201006,0.005989080194452352,1.0218318311669508e-05,0.025743267995949275,0.007775190496925116,38,0.00778777951734354,3.05843618662038e-05
Pattern8,Monocyte,D2,2.0,3,3,86,0.3552116914096381,0.334704884405693,0.29817085961500805,0.05269265757903798,0.7147715570348683,0.19324195511070943,86,0.4180676989911919,0.346833035349846
Pattern8,NK_cell,D2,2.0,3,3,118,0.003631544839440473,0.0029278210256963944,0.0034323168952023453,0.0008084259930853823,0.006653891630033691,0.0016903782573248595,118,0.004056299164343041,9.57465126703028e-05
Pattern8,Neutrophil,D2,2.0,2,2,5,0.015294027534158258,0.011278026433297216,0.015294027534158258,0.007319258564772666,0.02326879650354385,0.007974768969385593,5,0.01369907374028114,0.0197526793926954
Pattern8,Plasmablast,D2,2.0,3,3,5,0.09493218610684079,0.09735803289627946,0.0902494862675667,0.0,0.19454707205295566,0.05620968650043939,5,0.13477814048528675,0.158475622534752
Pattern8,T_cell,D2,2.0,3,3,348,0.0026521831673503807,0.0018173373532887165,0.002816899569312232,0.0007580947337321581,0.004381555199006752,0.0010492402101296026,348,0.0022342734897156987,2.683997718122555e-05
Pattern8,B_cell,D4,4.0,3,3,63,0.0106591984483747,0.01667099413647726,0.0011923592023182752,0.0008768934420413588,0.029908342700764465,0.00962500295235382,63,0.008360122566893134,7.86261898610974e-06
Pattern8,Monocyte,D4,4.0,3,3,72,0.3500205483137586,0.3332391024223652,0.24539854377508163,0.08164638331152625,0.723016717854668,0.19239568548806182,72,0.43909976144475055,0.3882225304841995
Pattern8,NK_cell,D4,4.0,3,3,103,0.00619773241740177,0.0061921910340240836,0.006190101213697558,9.360511967315693e-06,0.01239373552654044,0.003575063160367392,103,0.006673715033033908,4.76709901704453e-05
Pattern8,Neutrophil,D4,4.0,3,3,10,0.01916928317126194,0.007047862174988257,0.015191059123026165,0.01501000830903646,0.0273067820817232,0.004069085123940852,10,0.01752367830777072,0.01765777356922625
Pattern8,Plasmablast,D4,4.0,3,3,4,0.07122511106232814,0.08895533911437425,0.0302624301984906,0.0101307416334748,0.173282161355019,0.05135838898353842,4,0.06098444084636875,0.0302624301984906
Pattern8,T_cell,D4,4.0,3,3,348,0.0036519966157118663,0.0038673932770185364,0.001710724985932501,0.0011397702306733784,0.00810549463052972,0.002232840549548801,348,0.0027453493045924604,2.2902355340193053e-05
Pattern8,B_cell,D6,6.0,3,3,61,0.014442678032344615,0.016642304405577187,0.007787655787818516,0.002157716412548484,0.033382661896666846,0.009608438928495684,61,0.011916865545753145,3.61464663001243e-05
Pattern8,Monocyte,D6,6.0,3,3,64,0.3400278664884339,0.35614159877922336,0.25401221434859667,0.034771684841160735,0.7312997002755443,0.20561844792480832,64,0.4303882079676029,0.3508976101875305
Pattern8,NK_cell,D6,6.0,3,3,110,0.006247582950681576,0.006159472252049421,0.006168988574234547,0.00012778397008616523,0.012445976307724014,0.003556172962786764,110,0.006870898736385477,9.132570266956461e-05
Pattern8,Neutrophil,D6,6.0,3,3,12,0.007955252504365865,0.006670789273768172,0.005985779322145376,0.00249093404272565,0.015389044148226567,0.0038513819829173227,12,0.010104937521949351,0.0117781916633248
Pattern8,Plasmablast,D6,6.0,3,3,6,0.0622029401416107,0.06342399241140192,0.0334468334913254,0.018250747786320676,0.134911239147186,0.036617859091803685,6,0.059670259190776564,0.044085118919611
Pattern8,T_cell,D6,6.0,3,3,347,0.0023839357436680722,0.0008773582945017511,0.0023996527150189455,0.0014988245523600517,0.003253329963625219,0.000506543047506337,347,0.002188600541322378,1.30950902530458e-05
Pattern8,B_cell,D8,8.0,3,3,60,0.01149602171983579,0.01726007647933363,0.0019096159099014826,0.0011569459527757406,0.03142150329683015,0.009965109801576801,60,0.00899906427306878,3.0155710192047998e-05
Pattern8,Monocyte,D8,8.0,3,3,88,0.357482688673735,0.37179580309352994,0.28371261715888973,0.02810197171943618,0.760633477142879,0.21465640699962263,88,0.4503359417622877,0.39819486439228047
Pattern8,NK_cell,D8,8.0,3,3,105,0.007982907201255803,0.007994575325431248,0.007022736999784886,0.0005117792170494667,0.01641420538693306,0.004615670216194472,105,0.007820577751312731,0.000112103880383
Pattern8,Neutrophil,D8,8.0,2,2,8,0.0232123174937442,0.0034071882767492474,0.0232123174937442,0.0208030715584755,0.0256215634290129,0.0024092459352686997,8,0.0232123174937442,0.024534695781767403
Pattern8,Plasmablast,D8,8.0,2,2,4,0.06684613076504314,0.013130116541078905,0.06684613076504314,0.0575617363210766,0.0761305252090097,0.009284394443966549,4,0.06684613076504316,0.0714925983920692
Pattern8,T_cell,D8,8.0,3,3,335,0.0036696096793978894,0.0019695405807531614,0.0040018962620381555,0.0015550620872506816,0.00545187068890483,0.0011371147844777296,335,0.003128664365384586,3.07318769046105e-05
Pattern8,B_cell,D10,10.0,3,3,46,0.005698916301616549,0.005839023462384826,0.0036419175193032048,0.0011667716651940815,0.01228805972035236,0.00337116176781242,46,0.003747332344916717,0.0
Pattern8,Monocyte,D10,10.0,3,3,117,0.34715018492812916,0.31437135991212073,0.23449134901165966,0.10463124342883628,0.7023279623438915,0.18150238927077164,117,0.3997863482078936,0.302429407835007
Pattern8,NK_cell,D10,10.0,3,3,114,0.002174908901849926,0.0019422175782074253,0.0027785765653592577,2.54088566483309e-06,0.0037436092545256876,0.0011213398416028801,114,0.0034589257083130205,3.7235407717162153e-06
Pattern8,Neutrophil,D10,10.0,3,3,16,0.023503360626375817,0.014722707405051874,0.015684808536696855,0.0143393510952592,0.0404859222471714,0.008500159083506797,16,0.017066695963421807,0.01499846344813705
Pattern8,Plasmablast,D10,10.0,3,3,6,0.049298785736330904,0.0592100357198684,0.0268277749419212,0.004613645703102513,0.116454936563969,0.03418493006159338,6,0.02695621571971671,0.0091964334133081
Pattern8,T_cell,D10,10.0,3,3,301,0.0013071434689143652,0.0009540582611893125,0.0007566038692293741,0.0007560315303165731,0.0024087950071971483,0.0005508257939202359,301,0.001058238760116995,0.0
Pattern8,B_cell,D14/15,14.5,3,3,23,0.004137101389203046,0.005242733358886468,0.002000842838953066,0.0002997691542105775,0.010110692174445497,0.003026893516042533,23,0.0035247779056928343,3.74816299881786e-05
Pattern8,Monocyte,D14/15,14.5,3,3,103,0.3781515206652158,0.2835563921808518,0.24317311095755276,0.1873001572158601,0.7039812938222345,0.1637113593560539,103,0.4754058984153479,0.455942392349243
Pattern8,NK_cell,D14/15,14.5,3,3,144,0.0034063254025049703,0.0019108726808111215,0.0024153978116100102,0.002194457570976421,0.00560912082492848,0.0011032428566534029,144,0.0029811644484857595,7.926244336431409e-07
Pattern8,Neutrophil,D14/15,14.5,2,2,2,0.01047708274563775,0.012824332511735596,0.01047708274563775,0.0014089102623984,0.0195452552288771,0.009068172483239349,2,0.01047708274563775,0.01047708274563775
Pattern8,Plasmablast,D14/15,14.5,3,3,5,0.12830681188238977,0.07889096815040808,0.173324391245842,0.037213417390982335,0.174382627010345,0.045547721698268304,5,0.0918694540858268,0.0974594205617905
Pattern8,T_cell,D14/15,14.5,3,3,323,0.002095010378061208,0.0017368718517804858,0.0023594171541546144,0.00024109545143601992,0.0036845185285929887,0.0010027834311733474,323,0.0018669371243941859,2.58616387327493e-06
Pattern8,B_cell,D28,28.0,3,3,56,0.011289729438979818,0.011252546972661606,0.006546733796312773,0.0031851684774414674,0.024137286043185217,0.006496661023735088,56,0.009711739351043998,5.151510958967265e-05
Pattern8,Monocyte,D28,28.0,3,3,83,0.40849314403670905,0.24409875244951484,0.26985619385396276,0.2652815083662668,0.6903417298898977,0.14093048043557924,83,0.44111118043761655,0.33696648478508
Pattern8,NK_cell,D28,28.0,3,3,106,0.005808832437769282,0.0036680733359668455,0.0041424127007682375,0.003269795882425457,0.010014288730114148,0.002117763127927747,106,0.004107413481834413,2.4427328753517947e-05
Pattern8,Neutrophil,D28,28.0,3,3,11,0.010802060350882417,0.0055226987890481275,0.012894748865316297,0.004538849888679859,0.014972582298651093,0.0031885316325101568,11,0.01156033706865854,0.010258462280035
Pattern8,Plasmablast,D28,28.0,1,1,1,0.118380308151245,,0.118380308151245,0.118380308151245,0.118380308151245,,1,0.118380308151245,0.118380308151245
Pattern8,T_cell,D28,28.0,3,3,343,0.0036697890243139034,0.0019947142964169677,0.0030992910992641374,0.002022479006505801,0.005887596967171773,0.0011516488359927313,343,0.0031237001160472036,2.35288734984351e-05
Pattern9,B_cell,D0,0.0,3,3,73,0.009527100751206026,0.009808701227068208,0.008564802159942988,0.0002350158928929452,0.019781484200782146,0.005663056293848443,73,0.0098607714534554,2.29816705541452e-05
Pattern9,Monocyte,D0,0.0,3,3,110,0.011431938712440165,0.01011822401056824,0.008101501494766534,0.0033987245570418047,0.022795590085512157,0.005841759356222508,110,0.011349933073687563,8.917981904232869e-05
Pattern9,NK_cell,D0,0.0,3,3,88,0.48476771617692616,0.05298778671351905,0.48693783297425214,0.4307282105088236,0.5366371050477028,0.0305925129228127,88,0.5127419498325749,0.513856142759323
Pattern9,Neutrophil,D0,0.0,2,2,3,0.00023855783729230244,0.00013702773406798973,0.00023855783729230244,0.0001416645973222,0.00033545107726240487,9.689323997010243e-05,3,0.00027085558394900327,0.0001416645973222
Pattern9,Plasmablast,D0,0.0,2,2,2,0.0781285176053643,0.06966351306220346,0.0781285176053643,0.0288689751178026,0.127388060092926,0.049259542487561696,2,0.0781285176053643,0.0781285176053643
Pattern9,T_cell,D0,0.0,3,3,324,0.04417467312810073,0.0012298224043232222,0.04480417805974932,0.04275753425001079,0.044962307074542095,0.0007100382961914451,324,0.04434229846382352,0.00064652843866495
Pattern9,B_cell,D2,2.0,3,3,38,0.028338387530161737,0.03460800097006806,0.017769523377148756,0.0002471089171473259,0.06699853029618913,0.019980938676183627,38,0.02121678228378827,1.22549467960198e-05
Pattern9,Monocyte,D2,2.0,3,3,86,0.015324861143737016,0.0070582271306893875,0.017867923770163902,0.00734749695257673,0.020759162708470412,0.004075069333905038,86,0.013567699342842871,0.00011426068158465
Pattern9,NK_cell,D2,2.0,3,3,118,0.49876408792398547,0.07773829452475413,0.48444926450329445,0.4291780516505243,0.5826649476181377,0.04488222527020921,118,0.5438551583279998,0.5616118013858795
Pattern9,Neutrophil,D2,2.0,2,2,5,0.009480280815902587,0.012374806388441033,0.009480280815902587,0.0007299713027653231,0.018230590329039852,0.008750309513137263,5,0.007730218913275135,0.0003106283256784
Pattern9,Plasmablast,D2,2.0,3,3,5,0.05298662289149233,0.022525223900747744,0.06484953810771306,0.0270092394202948,0.0671010911464691,0.013004944082653304,5,0.057731788977980626,0.0595167279243469
Pattern9,T_cell,D2,2.0,3,3,348,0.041293809312343374,0.00924077047131943,0.040527209421001,0.032460218114111726,0.0508940004019174,0.005335161319135818,348,0.04213828942443202,0.00109273841371755
Pattern9,B_cell,D4,4.0,3,3,63,0.051680759870888486,0.08765663019906135,0.001726062950598781,0.0004211028182477918,0.15289511384381888,0.05060857904168355,63,0.039662502496309884,3.98583188143675e-06
Pattern9,Monocyte,D4,4.0,3,3,72,0.02418384443203024,0.0245173635986863,0.014652437616066175,0.0058635059334481805,0.05203558974657636,0.014155106473521467,72,0.0293759488946011,0.0009850981878116501
Pattern9,NK_cell,D4,4.0,3,3,103,0.48910867047146406,0.11993689742563711,0.4450841583311559,0.39740531146526337,0.624836541617973,0.06924560001446012,103,0.5755460683292556,0.585491359233856
Pattern9,Neutrophil,D4,4.0,3,3,10,0.0048790180154178854,0.004340279104420686,0.006148390128752588,4.55769608151968e-05,0.008443086956685874,0.0025058613092953912,10,0.006075175909131753,8.984504529507831e-05
Pattern9,Plasmablast,D4,4.0,3,3,4,0.01723638474747227,0.01757678197957443,0.0083349039778113,0.0058910498337354,0.0374832004308701,0.010147959807394661,4,0.01440005101903805,0.0097437826916575
Pattern9,T_cell,D4,4.0,3,3,348,0.03464412217944991,0.007447354101894982,0.03810809787049433,0.026095702904807186,0.03972856576304822,0.004299731895479532,348,0.03328150294752387,0.0003447958442848
Pattern9,B_cell,D6,6.0,3,3,61,0.024665675409294655,0.02751007387246048,0.01560503504582403,0.0028287287318896786,0.05556326245017026,0.01588294855569155,61,0.022525271621769205,5.54165717403521e-06
Pattern9,Monocyte,D6,6.0,3,3,64,0.024998336841144896,0.023707376182462856,0.024898508947842398,0.0013410322404718601,0.04875546933512042,0.013687460020724653,64,0.03019676938503489,0.00015883728337934999
Pattern9,NK_cell,D6,6.0,3,3,110,0.47068090918587474,0.09204947872779039,0.4288978576660156,0.40693356096744526,0.5762113089241633,0.05314479132225451,110,0.5347198310223493,0.54081654548645
Pattern9,Neutrophil,D6,6.0,3,3,12,0.0043584583003292675,0.004029428997805052,0.0044648316688835,0.00027689581702358457,0.008333647415080718,0.002326391916563231,12,0.005003260924695469,0.0010041753121186
Pattern9,Plasmablast,D6,6.0,3,3,6,0.11884220175044098,0.10532349808112845,0.1545109717020143,0.000315992947435,0.20169964060187365,0.06080854996913255,6,0.1445413648762042,0.0702350623905659
Pattern9,T_cell,D6,6.0,3,3,347,0.049087595356575996,0.01862151299006057,0.04948892944012261,0.030268659215500447,0.06750519741410492,0.010751135537529585,347,0.05342394182089573,0.0015765560092404
Pattern9,B_cell,D8,8.0,3,3,60,0.027249562031722935,0.041109093260281074,0.006732347519174603,0.0004374196305239744,0.07457891894547022,0.02373434605996471,60,0.021280934685099104,1.70139410329284e-05
Pattern9,Monocyte,D8,8.0,3,3,88,0.011380611632150192,0.002887403209293542,0.011765394934857079,0.00832011021119114,0.014056329750402354,0.0016670430201446158,88,0.011333321219343469,0.00028830264636780004
Pattern9,NK_cell,D8,8.0,3,3,105,0.5428229064718576,0.09598123994743524,0.56573752562205,0.4374582564288918,0.6252729373646307,0.0554147947208058,105,0.6038961018834795,0.649044811725616
Pattern9,Neutrophil,D8,8.0,2,2,8,0.012886368769841255,0.0023518185108038223,0.012886368769841255,0.011223381952731825,0.014549355586950686,0.0016629868171094302,8,0.012886368769841255,0.01126515772193665
Pattern9,Plasmablast,D8,8.0,2,2,4,0.019147558568121795,0.013438325134287703,0.019147558568121795,0.009645227737877337,0.02864988939836625,0.009502330830244456,4,0.019147558568121795,0.01649897964671255
Pattern9,T_cell,D8,8.0,3,3,335,0.04559898487261726,0.0094894536717595,0.04710019084769298,0.035448407605658865,0.05424835616449993,0.005478738631852831,335,0.048396636768345304,0.0013568793656304
Pattern9,B_cell,D10,10.0,3,3,46,0.0016485947061819408,0.0006954677936366352,0.001365685656834018,0.0011391672873871956,0.0024409311743246085,0.00040152851786882644,46,0.0014025245121940238,3.89470424124738e-05
Pattern9,Monocyte,D10,10.0,3,3,117,0.024779909457269475,0.01743402551355894,0.021382813598613354,0.009294451730093864,0.04366246304310121,0.010065539323312058,117,0.02587381265204959,7.866869418649e-05
Pattern9,NK_cell,D10,10.0,3,3,114,0.5162860062503948,0.13643491387426956,0.4886863292618232,0.3957609434922537,0.6644107459971075,0.07877073425217294,114,0.6234292848068371,0.636630564928055
Pattern9,Neutrophil,D10,10.0,3,3,16,0.004942126032964961,0.0034512496219316563,0.00514079647837205,0.0013958325143903,0.008289749106132534,0.001992579898262836,16,0.0074652602406785834,0.0012423433945514
Pattern9,Plasmablast,D10,10.0,3,3,6,0.022364489942750265,0.01404861099451297,0.02317823904741089,0.0079266913235187,0.0359885394573212,0.008110969339422399,6,0.022771364495080576,0.00946175307035445
Pattern9,T_cell,D10,10.0,3,3,301,0.05133016747042315,0.01163038511013121,0.05611561100833697,0.038070500159178795,0.059804391243753675,0.00671480597411327,301,0.054154135755701494,0.000516788160894
Pattern9,B_cell,D14/15,14.5,3,3,23,0.004035539842810246,0.005061660340554281,0.0022389136296911702,0.00011726638927454132,0.009750439509465029,0.002922350960165467,23,0.0034604778625307404,5.67984488952789e-06
Pattern9,Monocyte,D14/15,14.5,3,3,103,0.011630566054617117,0.012943009129616117,0.005539907664334909,0.002856445363702188,0.02649534513581425,0.007472649805107649,103,0.016088325385526275,7.55910787120229e-06
Pattern9,NK_cell,D14/15,14.5,3,3,144,0.6042330836823023,0.07241258871643183,0.5936689121382577,0.5376828528112836,0.6813474860973656,0.04180742758814958,144,0.6283827161726853,0.638606518507004
Pattern9,Neutrophil,D14/15,14.5,2,2,2,0.0173107228038134,0.023811848463004992,0.0173107228038134,0.0004732032830361,0.0341482423245907,0.0168375195207773,2,0.0173107228038134,0.0173107228038134
Pattern9,Plasmablast,D14/15,14.5,3,3,5,0.013521126159402102,0.013045320991193656,0.014240621176819901,0.0001309471554122,0.0261918101459742,0.007531719585930733,5,0.01380892416636922,0.0003303542907815
Pattern9,T_cell,D14/15,14.5,3,3,323,0.05970862227344729,0.026105596956344877,0.050365620314391416,0.0395601025390046,0.08920014396694587,0.01507207343010159,323,0.06185769802441704,0.0005877264193259
Pattern9,B_cell,D28,28.0,3,3,56,0.04094252757961868,0.06582524926841253,0.0037773882211240323,0.002105346705625194,0.11694484781210682,0.038004225384592194,56,0.03518535369389654,2.133651832991745e-05
Pattern9,Monocyte,D28,28.0,3,3,83,0.021876070086797136,0.032332811081075455,0.003617137126516845,0.002803245919393984,0.059207827214480584,0.01866735718131623,83,0.026212720515222335,6.9339876063168e-05
Pattern9,NK_cell,D28,28.0,3,3,106,0.4763751077041647,0.10041908292647457,0.5143456434210142,0.36250743352704584,0.552272246164434,0.05797698455937545,106,0.5318665617620045,0.5370310842990875
Pattern9,Neutrophil,D28,28.0,3,3,11,0.005665500979254517,0.005967793823583778,0.004628927213464823,0.00028389809691966797,0.012083677627379061,0.0034455073705142807,11,0.006832442188004434,0.0007218770915642
Pattern9,Plasmablast,D28,28.0,1,1,1,0.05259894952178,,0.05259894952178,0.05259894952178,0.05259894952178,,1,0.05259894952178,0.05259894952178
Pattern9,T_cell,D28,28.0,3,3,343,0.05049566205581043,0.01617180457424042,0.05908938247514273,0.031841286733730614,0.06055631695855793,0.009336795724219728,343,0.04816498017394726,0.0007123598479665
Pattern10,B_cell,D0,0.0,3,3,73,0.706420382877296,0.08082187294640351,0.723357288925736,0.6184721773579007,0.7774316823482513,0.046662530102015806,73,0.7117034874550284,0.714396178722382
Pattern10,Monocyte,D0,0.0,3,3,110,0.06283538179316467,0.005031848198414729,0.06197081448435081,0.05829183498238417,0.06824349591275902,0.0029051389118760775,110,0.06261297140744139,0.0358130540698767
Pattern10,NK_cell,D0,0.0,3,3,88,0.022068611741373218,0.006017455749814385,0.021502913769538848,0.016353981002066566,0.02834894045251425,0.0034741796969919967,88,0.02535216596561697,0.0090356594882905
Pattern10,Neutrophil,D0,0.0,2,2,3,0.005993768791086025,0.007119670563989286,0.005993768791086025,0.00095940145547495,0.0110281361266971,0.005034367335611075,3,0.004315646345882333,0.0014856262132525
Pattern10,Plasmablast,D0,0.0,2,2,2,0.31297121942043304,0.08177763553280867,0.31297121942043304,0.255145698785782,0.370796740055084,0.057825520634650976,2,0.31297121942043304,0.31297121942043304
Pattern10,T_cell,D0,0.0,3,3,324,0.01181206628566167,0.0018371107269018812,0.011934637544120516,0.009916739207105698,0.01358482210575879,0.0010606563727079503,324,0.01194966550704923,0.0001473794327466
Pattern10,B_cell,D2,2.0,3,3,38,0.6807858030001324,0.0861011725337401,0.6699720919132234,0.600602298974991,0.7717830181121826,0.04971053513989726,38,0.6955564484784479,0.706748366355896
Pattern10,Monocyte,D2,2.0,3,3,86,0.05997600944521884,0.008135757509517429,0.05881381951497557,0.05248384384361775,0.0686303649770632,0.004697181788181407,86,0.06155017231555559,0.04594585858285425
Pattern10,NK_cell,D2,2.0,3,3,118,0.020837651850843977,0.007623525718372839,0.022694008184080523,0.0124573867113213,0.02736156065713011,0.004401444625676594,118,0.02305271930219023,0.0035139747196807998
Pattern10,Neutrophil,D2,2.0,2,2,5,0.0018069454797568826,0.0012851245032128751,0.0018069454797568826,0.0008982252288660655,0.0027156657306477,0.000908720250890817,5,0.0019886895299350464,0.0012592835118994
Pattern10,Plasmablast,D2,2.0,3,3,5,0.3972207175360787,0.031168115454586483,0.384175777435303,0.374694546063741,0.432791829109192,0.017994919847838842,5,0.3882102489471436,0.384175777435303
Pattern10,T_cell,D2,2.0,3,3,348,0.013365144541096398,0.003928305576301999,0.012477044798578984,0.009956916665838018,0.01766147215887219,0.002268008281937067,348,0.01361777713436166,0.0002520790731068
Pattern10,B_cell,D4,4.0,3,3,63,0.6595145213287888,0.07681122844572369,0.6986952996253968,0.5710139386355877,0.7088343257253821,0.044346983419924414,63,0.6698088995994084,0.699962556362152
Pattern10,Monocyte,D4,4.0,3,3,72,0.07725547988027406,0.010618569844484683,0.08117330565958893,0.06523465830416944,0.08535847567706382,0.006130634158122075,72,0.0794691809018601,0.060759924352168995
Pattern10,NK_cell,D4,4.0,3,3,103,0.012998390394639625,0.011168751071396385,0.01662488429555251,0.0004670556023711378,0.021903231285995226,0.006448281437582624,103,0.019418348205256623,0.0008335241582244
Pattern10,Neutrophil,D4,4.0,3,3,10,0.0002284431179052195,0.00022240487511021888,0.00012599788260554584,7.57229524121171e-05,0.00048360851869799553,0.00012840551451396998,10,0.00028972072159374205,9.3100596131969e-05
Pattern10,Plasmablast,D4,4.0,3,3,4,0.4277349611123404,0.01656817363870328,0.42137071490287803,0.415292531251907,0.446541637182236,0.0095656395102858,4,0.4261438995599748,0.4283662289381025
Pattern10,T_cell,D4,4.0,3,3,348,0.014363320525981894,0.0037553154493186773,0.014036446925393613,0.010782126588697176,0.01827138806385489,0.002168132385556099,348,0.01423726175002194,0.0002778182679321
Pattern10,B_cell,D6,6.0,3,3,61,0.6649022617113857,0.091848126019652,0.6905480234750679,0.5629569962620735,0.7412017653970158,0.053028540282008756,61,0.6711981411351532,0.678443491458893
Pattern10,Monocyte,D6,6.0,3,3,64,0.0684704216584155,0.008367697794450521,0.06841655271521108,0.060129788384132986,0.07686492387590246,0.004831092574123446,64,0.06651474403251798,0.030029273591935652
Pattern10,NK_cell,D6,6.0,3,3,110,0.019533169501552584,0.011499764183688716,0.017358939504642117,0.009275721078665818,0.031964847921349814,0.006639391947069898,110,0.019426688785790694,0.0016247842577286
Pattern10,Neutrophil,D6,6.0,3,3,12,0.010300358212690382,0.011079080718795518,0.008200005192823758,0.00042179200136158716,0.0222792774438858,0.006396510235370185,12,0.007953812837513374,0.00115447753341865
Pattern10,Plasmablast,D6,6.0,3,3,6,0.39968946410550005,0.1074416411497631,0.361980855464935,0.3161853204170863,0.520902216434479,0.0620314604399909,6,0.3655699814359347,0.3652742952108385
Pattern10,T_cell,D6,6.0,3,3,347,0.013935934154101964,0.0053840541534475456,0.014636370885247881,0.00823594192260701,0.018935489654451004,0.003108485114824463,347,0.015246016301241172,0.0004073450691066
Pattern10,B_cell,D8,8.0,3,3,60,0.6239869703966953,0.06337634814116529,0.6138481118462301,0.5662912487983702,0.6918215505454852,0.03659035165955722,60,0.6318487142523129,0.6339856088161465
Pattern10,Monocyte,D8,8.0,3,3,88,0.06586615810915869,0.012947541856971065,0.061771547267453555,0.05546097535779199,0.08036595170223053,0.007475266776466192,88,0.06319698445977777,0.04284104891121385
Pattern10,NK_cell,D8,8.0,3,3,105,0.018836073150609912,0.007633800864321632,0.016705597165176382,0.012493833860692867,0.027308788425960486,0.004407376983956092,105,0.01769607158379709,0.0018618904286995
Pattern10,Neutrophil,D8,8.0,2,2,8,0.004983962593541922,0.005569386255907221,0.004983962593541922,0.0010458118049427702,0.008922113382141075,0.003938150788599152,8,0.004983962593541922,0.00025267392629755
Pattern10,Plasmablast,D8,8.0,2,2,4,0.269994366914034,0.1343734095543343,0.269994366914034,0.174978017807007,0.365010716021061,0.095016349107027,4,0.269994366914034,0.17794366925954802
Pattern10,T_cell,D8,8.0,3,3,335,0.01365844180047486,0.005180661512102122,0.016040790549289526,0.0077151558393892304,0.01721937901274583,0.0029910563185924937,335,0.015368553613517345,0.0004633202333934
Pattern10,B_cell,D10,10.0,3,3,46,0.6493744860864622,0.025746014509536216,0.6543706247681067,0.6214965780576068,0.672256255433673,0.014864468407640746,46,0.6582478848488434,0.6387161314487455
Pattern10,Monocyte,D10,10.0,3,3,117,0.05684244254511028,0.024492729559707264,0.05266410684328093,0.03470765666511902,0.0831555641269309,0.014140884004485694,117,0.05201243775601865,0.0422960519790649
Pattern10,NK_cell,D10,10.0,3,3,114,0.011123619152733596,0.009366245778997207,0.016167751189017417,0.0003163790873562,0.01688672718182717,0.005407604521800234,114,0.015889359570919442,0.00017966133600559998
Pattern10,Neutrophil,D10,10.0,3,3,16,0.003537977290481893,0.004897041967031275,0.00093649984046345,0.0004906984977424,0.00918673353323983,0.002827308497898401,16,0.007611952131924193,0.0004442743666004
Pattern10,Plasmablast,D10,10.0,3,3,6,0.31442278747757263,0.21921575023939577,0.41324748471379275,0.0631916970014572,0.466829180717468,0.12656427241132093,6,0.3638351360956827,0.4439363479614255
Pattern10,T_cell,D10,10.0,3,3,301,0.010714119362447422,0.00469489221090669,0.013349963572826237,0.005293605777962074,0.01349878873655396,0.0027105972817832546,301,0.011931765114782358,8.75061596161686e-05
Pattern10,B_cell,D14/15,14.5,3,3,23,0.6614288159266666,0.07502439985126083,0.6534080074893104,0.5907370746135711,0.7401413656771184,0.04331535744991556,23,0.6672271930653116,0.659462988376617
Pattern10,Monocyte,D14/15,14.5,3,3,103,0.03690934671404494,0.008190766778509788,0.032731261044458664,0.0316501679596957,0.04634661113798044,0.0047289414044420705,103,0.03336466121289807,0.0041510574519634
Pattern10,NK_cell,D14/15,14.5,3,3,144,0.0119622388544209,0.0014337216922334576,0.012350026648309469,0.01037451090675033,0.013162179008202901,0.0008277596049539926,144,0.012417094342947098,4.5815400881110704e-05
Pattern10,Neutrophil,D14/15,14.5,2,2,2,0.00025228003141815,0.00021376680399953955,0.00025228003141815,0.0001011240747175,0.0004034359881188,0.00015115595670065,2,0.00025228003141815,0.00025228003141815
Pattern10,Plasmablast,D14/15,14.5,3,3,5,0.38726464907328273,0.05811247838099388,0.389912515878677,0.3278734982013703,0.444007933139801,0.033551255036543125,5,0.36350818872451784,0.389912515878677
Pattern10,T_cell,D14/15,14.5,3,3,323,0.008732648043542216,0.000982254551982872,0.008706807989927248,0.007763568465658867,0.009727567675040535,0.0005671049300000465,323,0.009014870962699338,7.9449666372966e-05
Pattern10,B_cell,D28,28.0,3,3,56,0.6448542167418141,0.08769551775076768,0.6814898194805267,0.5447814259678126,0.708291404777103,0.05063103078012933,56,0.6467376761138439,0.6565548479557035
Pattern10,Monocyte,D28,28.0,3,3,83,0.0915263743397721,0.03581145671236503,0.07439039599905901,0.06750250691079464,0.13268622010946268,0.02067575417295658,83,0.08421131895070091,0.0574561022222042
Pattern10,NK_cell,D28,28.0,3,3,106,0.017309167715128637,0.010193988827933136,0.023022343842491546,0.005539829114866262,0.023365330188028107,0.005885502193923234,106,0.02107231271398518,0.00440857675857835
Pattern10,Neutrophil,D28,28.0,3,3,11,0.0064225331935631146,0.002016301258281238,0.0060768296049597,0.004601434753840275,0.008589335221889368,0.0011641120742360539,11,0.0060914243863407795,0.0001691863726591
Pattern10,Plasmablast,D28,28.0,1,1,1,0.43023756146431,,0.43023756146431,0.43023756146431,0.43023756146431,,1,0.43023756146431,0.43023756146431
Pattern10,T_cell,D28,28.0,3,3,343,0.009586653751048509,0.0031551216655988637,0.009512918684281408,0.006469045879601963,0.012777996689262152,0.0018216103429595245,343,0.009549316019598622,0.0001349058875348
