pattern,scope,stratum,timepoint_merged,day_merged_numeric,n_genes_tested,mean_gene_log2fc,median_gene_log2fc,n_genes_up,n_genes_down,n_genes_near_zero,frac_genes_up,frac_genes_down,pattern_direction_consensus,pattern_class,peak_timepoint,eta_timepoint,eta_broad_cell_type,spearman_ifn_score_rho
Pattern1,all_cells,all_cells,D2,2.0,25,-0.012685875812043161,0.027684931950285947,0,1,24,0.0,0.04,mostly_near_zero,identity-like,D6,0.0194995106417388,0.163340379701848,-0.074088138126735
Pattern1,all_cells,all_cells,D4,4.0,25,-0.07811847684503576,-0.034870622440398215,0,5,20,0.0,0.2,mostly_near_zero,identity-like,D6,0.0194995106417388,0.163340379701848,-0.074088138126735
Pattern1,all_cells,all_cells,D6,6.0,25,0.005120451109753989,0.05526267324444767,0,0,25,0.0,0.0,mostly_near_zero,identity-like,D6,0.0194995106417388,0.163340379701848,-0.074088138126735
Pattern1,all_cells,all_cells,D8,8.0,25,-0.03805959958731476,-0.031769937767419286,0,2,23,0.0,0.08,mostly_near_zero,identity-like,D6,0.0194995106417388,0.163340379701848,-0.074088138126735
Pattern1,all_cells,all_cells,D10,10.0,25,-0.34588203501851017,-0.3967693223604852,1,17,7,0.04,0.68,mostly_down,identity-like,D6,0.0194995106417388,0.163340379701848,-0.074088138126735
Pattern1,all_cells,all_cells,D14/15,14.5,25,-0.2669522776472046,-0.33885345669153705,4,14,7,0.16,0.56,mostly_near_zero,identity-like,D6,0.0194995106417388,0.163340379701848,-0.074088138126735
Pattern1,all_cells,all_cells,D28,28.0,25,-0.06867880417682119,-0.092017893595429,0,4,21,0.0,0.16,mostly_near_zero,identity-like,D6,0.0194995106417388,0.163340379701848,-0.074088138126735
Pattern10,all_cells,all_cells,D2,2.0,25,-0.02190754662527911,0.038374241465413426,0,2,23,0.0,0.08,mostly_near_zero,identity-like,D0,0.00941045031180752,0.911549622004823,-0.174733943817074
Pattern10,all_cells,all_cells,D4,4.0,25,-0.03195445606602358,0.006972829296177707,0,0,25,0.0,0.0,mostly_near_zero,identity-like,D0,0.00941045031180752,0.911549622004823,-0.174733943817074
Pattern10,all_cells,all_cells,D6,6.0,25,-0.00457427406514898,0.045546883123392355,0,0,25,0.0,0.0,mostly_near_zero,identity-like,D0,0.00941045031180752,0.911549622004823,-0.174733943817074
Pattern10,all_cells,all_cells,D8,8.0,25,-0.024094606270403697,-0.049282066632132526,0,0,25,0.0,0.0,mostly_near_zero,identity-like,D0,0.00941045031180752,0.911549622004823,-0.174733943817074
Pattern10,all_cells,all_cells,D10,10.0,25,-0.36685363914049174,-0.4390209807708049,2,17,6,0.08,0.68,mostly_down,identity-like,D0,0.00941045031180752,0.911549622004823,-0.174733943817074
Pattern10,all_cells,all_cells,D14/15,14.5,25,-0.41104369265605883,-0.5665837318947679,4,19,2,0.16,0.76,mostly_down,identity-like,D0,0.00941045031180752,0.911549622004823,-0.174733943817074
Pattern10,all_cells,all_cells,D28,28.0,25,-0.060050080306160346,-0.06179902499002191,0,4,21,0.0,0.16,mostly_near_zero,identity-like,D0,0.00941045031180752,0.911549622004823,-0.174733943817074
Pattern2,all_cells,all_cells,D2,2.0,25,-0.05934506715233307,-0.06438854126164095,0,2,23,0.0,0.08,mostly_near_zero,identity-like,D0,0.00619947836603865,0.499898963394282,-0.150858642749624
Pattern2,all_cells,all_cells,D4,4.0,25,-0.20985845853509674,-0.13869771267802497,0,11,14,0.0,0.44,mostly_near_zero,identity-like,D0,0.00619947836603865,0.499898963394282,-0.150858642749624
Pattern2,all_cells,all_cells,D6,6.0,25,-0.12285615038156132,-0.09756795064843675,0,6,19,0.0,0.24,mostly_near_zero,identity-like,D0,0.00619947836603865,0.499898963394282,-0.150858642749624
Pattern2,all_cells,all_cells,D8,8.0,25,-0.1829782725191309,-0.12188285922445452,0,9,16,0.0,0.36,mostly_near_zero,identity-like,D0,0.00619947836603865,0.499898963394282,-0.150858642749624
Pattern2,all_cells,all_cells,D10,10.0,25,-0.14512645901393817,-0.14145382743124676,6,12,7,0.24,0.48,mostly_near_zero,identity-like,D0,0.00619947836603865,0.499898963394282,-0.150858642749624
Pattern2,all_cells,all_cells,D14/15,14.5,25,-0.29417198639823644,-0.33885345669153705,5,13,7,0.2,0.52,mostly_near_zero,identity-like,D0,0.00619947836603865,0.499898963394282,-0.150858642749624
Pattern2,all_cells,all_cells,D28,28.0,25,-0.08734151584231385,-0.0999239530626325,0,5,20,0.0,0.2,mostly_near_zero,identity-like,D0,0.00619947836603865,0.499898963394282,-0.150858642749624
Pattern3,all_cells,all_cells,D2,2.0,25,-0.06467350465388991,-0.023040132311130296,0,3,22,0.0,0.12,mostly_near_zero,activity-like,D10,0.454036194393983,0.164629605915765,0.75600666168997
Pattern3,all_cells,all_cells,D4,4.0,25,-0.3299973007254547,-0.19588218787386324,0,12,13,0.0,0.48,mostly_near_zero,activity-like,D10,0.454036194393983,0.164629605915765,0.75600666168997
Pattern3,all_cells,all_cells,D6,6.0,25,-0.190299818570609,-0.13577675009486198,0,8,17,0.0,0.32,mostly_near_zero,activity-like,D10,0.454036194393983,0.164629605915765,0.75600666168997
Pattern3,all_cells,all_cells,D8,8.0,25,0.05042875298176232,0.057664507188212845,4,3,18,0.16,0.12,mostly_near_zero,activity-like,D10,0.454036194393983,0.164629605915765,0.75600666168997
Pattern3,all_cells,all_cells,D10,10.0,25,1.627508599726455,1.4572553175008096,22,0,3,0.88,0.0,mostly_up,activity-like,D10,0.454036194393983,0.164629605915765,0.75600666168997
Pattern3,all_cells,all_cells,D14/15,14.5,25,1.6045338897308983,1.5619015382497399,24,1,0,0.96,0.04,mostly_up,activity-like,D10,0.454036194393983,0.164629605915765,0.75600666168997
Pattern3,all_cells,all_cells,D28,28.0,25,0.13449503120749232,0.16695733130599363,10,3,12,0.4,0.12,mostly_near_zero,activity-like,D10,0.454036194393983,0.164629605915765,0.75600666168997
Pattern4,all_cells,all_cells,D2,2.0,25,0.09376822790694787,0.051192883456255465,4,0,21,0.16,0.0,mostly_near_zero,identity-like,D14/15,0.00981255187316661,0.0469644200389067,-0.0877535662757487
Pattern4,all_cells,all_cells,D4,4.0,25,-0.006310668358657534,-0.022005682967804436,2,1,22,0.08,0.04,mostly_near_zero,identity-like,D14/15,0.00981255187316661,0.0469644200389067,-0.0877535662757487
Pattern4,all_cells,all_cells,D6,6.0,25,0.042987200837321486,0.05526267324444767,1,0,24,0.04,0.0,mostly_near_zero,identity-like,D14/15,0.00981255187316661,0.0469644200389067,-0.0877535662757487
Pattern4,all_cells,all_cells,D8,8.0,25,0.02214076848531898,0.030850278815079808,1,1,23,0.04,0.04,mostly_near_zero,identity-like,D14/15,0.00981255187316661,0.0469644200389067,-0.0877535662757487
Pattern4,all_cells,all_cells,D10,10.0,25,-0.2312944615163919,-0.29905864115997655,2,15,8,0.08,0.6,mostly_down,identity-like,D14/15,0.00981255187316661,0.0469644200389067,-0.0877535662757487
Pattern4,all_cells,all_cells,D14/15,14.5,25,0.1288537722543499,0.12426129343253933,11,4,10,0.44,0.16,mostly_near_zero,identity-like,D14/15,0.00981255187316661,0.0469644200389067,-0.0877535662757487
Pattern4,all_cells,all_cells,D28,28.0,25,0.02454872560409592,-0.00474368612596147,5,2,18,0.2,0.08,mostly_near_zero,identity-like,D14/15,0.00981255187316661,0.0469644200389067,-0.0877535662757487
Pattern5,all_cells,all_cells,D2,2.0,25,-0.0329852552836647,-0.0294248785487851,0,0,25,0.0,0.0,mostly_near_zero,identity-like,D14/15,0.020907301802552,0.159814675634815,-0.0117378046950792
Pattern5,all_cells,all_cells,D4,4.0,25,-0.07835227328691453,-0.041512612240638035,0,4,21,0.0,0.16,mostly_near_zero,identity-like,D14/15,0.020907301802552,0.159814675634815,-0.0117378046950792
Pattern5,all_cells,all_cells,D6,6.0,25,-0.025514532690280433,-0.013144345577986568,0,0,25,0.0,0.0,mostly_near_zero,identity-like,D14/15,0.020907301802552,0.159814675634815,-0.0117378046950792
Pattern5,all_cells,all_cells,D8,8.0,25,-0.018465589123668295,-0.00322993841627639,0,1,24,0.0,0.04,mostly_near_zero,identity-like,D14/15,0.020907301802552,0.159814675634815,-0.0117378046950792
Pattern5,all_cells,all_cells,D10,10.0,25,-0.1204913675909213,-0.10215443690399854,1,7,17,0.04,0.28,mostly_near_zero,identity-like,D14/15,0.020907301802552,0.159814675634815,-0.0117378046950792
Pattern5,all_cells,all_cells,D14/15,14.5,25,0.2908510467484673,0.2727517597176898,14,1,10,0.56,0.04,mostly_near_zero,identity-like,D14/15,0.020907301802552,0.159814675634815,-0.0117378046950792
Pattern5,all_cells,all_cells,D28,28.0,25,0.022564469565299516,0.050858435207622676,1,1,23,0.04,0.04,mostly_near_zero,identity-like,D14/15,0.020907301802552,0.159814675634815,-0.0117378046950792
Pattern6,all_cells,all_cells,D2,2.0,25,0.04225889087037456,0.04227591773277221,0,0,25,0.0,0.0,mostly_near_zero,identity-like,D28,0.00194351041424414,0.16558707210451,0.0786828398064539
Pattern6,all_cells,all_cells,D4,4.0,25,0.03313310914668758,0.03683531858691088,1,0,24,0.04,0.0,mostly_near_zero,identity-like,D28,0.00194351041424414,0.16558707210451,0.0786828398064539
Pattern6,all_cells,all_cells,D6,6.0,25,0.060212921925925304,0.06042894727624611,0,0,25,0.0,0.0,mostly_near_zero,identity-like,D28,0.00194351041424414,0.16558707210451,0.0786828398064539
Pattern6,all_cells,all_cells,D8,8.0,25,0.03595524398404484,0.02735441610988924,2,0,23,0.08,0.0,mostly_near_zero,identity-like,D28,0.00194351041424414,0.16558707210451,0.0786828398064539
Pattern6,all_cells,all_cells,D10,10.0,25,-0.286192668786768,-0.3967693223604852,3,16,6,0.12,0.64,mostly_down,identity-like,D28,0.00194351041424414,0.16558707210451,0.0786828398064539
Pattern6,all_cells,all_cells,D14/15,14.5,25,-0.09090052912620489,-0.26651259799811616,9,13,3,0.36,0.52,mixed,identity-like,D28,0.00194351041424414,0.16558707210451,0.0786828398064539
Pattern6,all_cells,all_cells,D28,28.0,25,0.003388170609527722,-0.06179902499002191,3,4,18,0.12,0.16,mostly_near_zero,identity-like,D28,0.00194351041424414,0.16558707210451,0.0786828398064539
Pattern7,all_cells,all_cells,D2,2.0,25,0.0058922783710141135,0.04227591773277221,0,1,24,0.0,0.04,mostly_near_zero,identity-like,D14/15,0.00511289334251585,0.549712893250446,-0.085419574878381
Pattern7,all_cells,all_cells,D4,4.0,25,-0.02357146363773353,0.006972829296177707,0,2,23,0.0,0.08,mostly_near_zero,identity-like,D14/15,0.00511289334251585,0.549712893250446,-0.085419574878381
Pattern7,all_cells,all_cells,D6,6.0,25,0.022321253265640308,0.056018654122097424,0,1,24,0.0,0.04,mostly_near_zero,identity-like,D14/15,0.00511289334251585,0.549712893250446,-0.085419574878381
Pattern7,all_cells,all_cells,D8,8.0,25,-0.01687397792324942,-0.02630514350885645,0,0,25,0.0,0.0,mostly_near_zero,identity-like,D14/15,0.00511289334251585,0.549712893250446,-0.085419574878381
Pattern7,all_cells,all_cells,D10,10.0,25,-0.36585959396115153,-0.4736041114138108,3,18,4,0.12,0.72,mostly_down,identity-like,D14/15,0.00511289334251585,0.549712893250446,-0.085419574878381
Pattern7,all_cells,all_cells,D14/15,14.5,25,-0.2852150587641319,-0.4283616927172484,6,16,3,0.24,0.64,mostly_near_zero,identity-like,D14/15,0.00511289334251585,0.549712893250446,-0.085419574878381
Pattern7,all_cells,all_cells,D28,28.0,25,-0.10022794974190302,-0.09251814921991415,0,7,18,0.0,0.28,mostly_near_zero,identity-like,D14/15,0.00511289334251585,0.549712893250446,-0.085419574878381
Pattern8,all_cells,all_cells,D2,2.0,25,-0.03303468898662885,-0.007841304215570943,0,1,24,0.0,0.04,mostly_near_zero,identity-like,D14/15,0.00321652467152328,0.642289174585567,-0.14916520053419
Pattern8,all_cells,all_cells,D4,4.0,25,-0.15357937083535553,-0.08003224503041,0,8,17,0.0,0.32,mostly_near_zero,identity-like,D14/15,0.00321652467152328,0.642289174585567,-0.14916520053419
Pattern8,all_cells,all_cells,D6,6.0,25,-0.09074007321275376,-0.0504968869791392,0,5,20,0.0,0.2,mostly_near_zero,identity-like,D14/15,0.00321652467152328,0.642289174585567,-0.14916520053419
Pattern8,all_cells,all_cells,D8,8.0,25,-0.1387154840200526,-0.06509881895425391,0,6,19,0.0,0.24,mostly_near_zero,identity-like,D14/15,0.00321652467152328,0.642289174585567,-0.14916520053419
Pattern8,all_cells,all_cells,D10,10.0,25,-0.11694930983317813,-0.0686888482025599,5,10,10,0.2,0.4,mostly_near_zero,identity-like,D14/15,0.00321652467152328,0.642289174585567,-0.14916520053419
Pattern8,all_cells,all_cells,D14/15,14.5,25,-0.23387574887501777,-0.24576230873700075,6,12,7,0.24,0.48,mostly_near_zero,identity-like,D14/15,0.00321652467152328,0.642289174585567,-0.14916520053419
Pattern8,all_cells,all_cells,D28,28.0,25,-0.03404612369923503,-0.045245211148061536,1,3,21,0.04,0.12,mostly_near_zero,identity-like,D14/15,0.00321652467152328,0.642289174585567,-0.14916520053419
Pattern9,all_cells,all_cells,D2,2.0,25,0.10525395790331822,0.059720514140432,4,0,21,0.16,0.0,mostly_near_zero,identity-like,D14/15,0.0092421576728893,0.779860868323658,0.203614527233417
Pattern9,all_cells,all_cells,D4,4.0,25,-0.024464011177129236,-0.022005682967804436,0,1,24,0.0,0.04,mostly_near_zero,identity-like,D14/15,0.0092421576728893,0.779860868323658,0.203614527233417
Pattern9,all_cells,all_cells,D6,6.0,25,0.05320231348330723,0.06022588944516608,1,0,24,0.04,0.0,mostly_near_zero,identity-like,D14/15,0.0092421576728893,0.779860868323658,0.203614527233417
Pattern9,all_cells,all_cells,D8,8.0,25,0.04775017286388142,0.01370634237210074,3,0,22,0.12,0.0,mostly_near_zero,identity-like,D14/15,0.0092421576728893,0.779860868323658,0.203614527233417
Pattern9,all_cells,all_cells,D10,10.0,25,-0.04613404662585875,0.036034833935731925,6,10,9,0.24,0.4,mostly_near_zero,identity-like,D14/15,0.0092421576728893,0.779860868323658,0.203614527233417
Pattern9,all_cells,all_cells,D14/15,14.5,25,0.29699044021137555,0.462491579453926,14,9,2,0.56,0.36,mixed,identity-like,D14/15,0.0092421576728893,0.779860868323658,0.203614527233417
Pattern9,all_cells,all_cells,D28,28.0,25,0.07903869755832943,0.09468971454132102,6,3,16,0.24,0.12,mostly_near_zero,identity-like,D14/15,0.0092421576728893,0.779860868323658,0.203614527233417
Pattern1,cell_type,B_cell,D2,2.0,25,-0.04633544838695413,-0.019369319460388112,0,3,22,0.0,0.12,mostly_near_zero,identity-like,D6,0.0194995106417388,0.163340379701848,-0.074088138126735
Pattern1,cell_type,B_cell,D4,4.0,25,-0.12145411657606035,-0.07844574551535999,0,4,21,0.0,0.16,mostly_near_zero,identity-like,D6,0.0194995106417388,0.163340379701848,-0.074088138126735
Pattern1,cell_type,B_cell,D6,6.0,25,-0.023311045040576017,-0.022022727327977165,1,1,23,0.04,0.04,mostly_near_zero,identity-like,D6,0.0194995106417388,0.163340379701848,-0.074088138126735
Pattern1,cell_type,B_cell,D8,8.0,25,-0.03850955675508835,-0.054642775447371505,1,0,24,0.04,0.0,mostly_near_zero,identity-like,D6,0.0194995106417388,0.163340379701848,-0.074088138126735
Pattern1,cell_type,B_cell,D10,10.0,25,-0.1995353690513678,-0.19705342677150325,1,10,14,0.04,0.4,mostly_near_zero,identity-like,D6,0.0194995106417388,0.163340379701848,-0.074088138126735
Pattern1,cell_type,B_cell,D14/15,14.5,25,-0.28741619282122616,-0.36285408866051344,3,14,8,0.12,0.56,mostly_near_zero,identity-like,D6,0.0194995106417388,0.163340379701848,-0.074088138126735
Pattern1,cell_type,B_cell,D28,28.0,25,-0.1487643111487083,-0.15007416480553046,0,8,17,0.0,0.32,mostly_near_zero,identity-like,D6,0.0194995106417388,0.163340379701848,-0.074088138126735
Pattern10,cell_type,B_cell,D2,2.0,25,0.010069616260595566,0.010408469486830422,0,0,25,0.0,0.0,mostly_near_zero,identity-like,D0,0.00941045031180752,0.911549622004823,-0.174733943817074
Pattern10,cell_type,B_cell,D4,4.0,25,-0.04592490882234095,-0.04222283139104851,0,0,25,0.0,0.0,mostly_near_zero,identity-like,D0,0.00941045031180752,0.911549622004823,-0.174733943817074
Pattern10,cell_type,B_cell,D6,6.0,25,0.0003637703387540614,0.0037337530825123366,0,0,25,0.0,0.0,mostly_near_zero,identity-like,D0,0.00941045031180752,0.911549622004823,-0.174733943817074
Pattern10,cell_type,B_cell,D8,8.0,25,-0.009515237441031062,0.003777942474195939,0,0,25,0.0,0.0,mostly_near_zero,identity-like,D0,0.00941045031180752,0.911549622004823,-0.174733943817074
Pattern10,cell_type,B_cell,D10,10.0,25,-0.17695879149350202,-0.18010633284160882,1,10,14,0.04,0.4,mostly_near_zero,identity-like,D0,0.00941045031180752,0.911549622004823,-0.174733943817074
Pattern10,cell_type,B_cell,D14/15,14.5,25,-0.2601716576866748,-0.21389568868665046,2,12,11,0.08,0.48,mostly_near_zero,identity-like,D0,0.00941045031180752,0.911549622004823,-0.174733943817074
Pattern10,cell_type,B_cell,D28,28.0,25,-0.05725321015758406,-0.04534680341895599,0,5,20,0.0,0.2,mostly_near_zero,identity-like,D0,0.00941045031180752,0.911549622004823,-0.174733943817074
Pattern2,cell_type,B_cell,D2,2.0,25,-0.043430680881936586,-0.025781419775012655,0,3,22,0.0,0.12,mostly_near_zero,identity-like,D0,0.00619947836603865,0.499898963394282,-0.150858642749624
Pattern2,cell_type,B_cell,D4,4.0,25,-0.09990284131720094,-0.06963621734922872,1,4,20,0.04,0.16,mostly_near_zero,identity-like,D0,0.00619947836603865,0.499898963394282,-0.150858642749624
Pattern2,cell_type,B_cell,D6,6.0,25,-0.07650515495590862,-0.03483784674533356,0,2,23,0.0,0.08,mostly_near_zero,identity-like,D0,0.00619947836603865,0.499898963394282,-0.150858642749624
Pattern2,cell_type,B_cell,D8,8.0,25,-0.05380227661099891,-0.054642775447371505,0,1,24,0.0,0.04,mostly_near_zero,identity-like,D0,0.00619947836603865,0.499898963394282,-0.150858642749624
Pattern2,cell_type,B_cell,D10,10.0,25,-0.03174588942638486,-0.09349501381260931,5,7,13,0.2,0.28,mostly_near_zero,identity-like,D0,0.00619947836603865,0.499898963394282,-0.150858642749624
Pattern2,cell_type,B_cell,D14/15,14.5,25,-0.19732352308959789,-0.326975649823997,4,13,8,0.16,0.52,mostly_near_zero,identity-like,D0,0.00619947836603865,0.499898963394282,-0.150858642749624
Pattern2,cell_type,B_cell,D28,28.0,25,-0.09710614823204672,-0.15007416480553046,1,6,18,0.04,0.24,mostly_near_zero,identity-like,D0,0.00619947836603865,0.499898963394282,-0.150858642749624
Pattern3,cell_type,B_cell,D2,2.0,25,-0.042676705171196344,-0.03659009253250112,1,2,22,0.04,0.08,mostly_near_zero,activity-like,D10,0.454036194393983,0.164629605915765,0.75600666168997
Pattern3,cell_type,B_cell,D4,4.0,25,-0.2000431180450213,-0.16338807479458417,0,9,16,0.0,0.36,mostly_near_zero,activity-like,D10,0.454036194393983,0.164629605915765,0.75600666168997
Pattern3,cell_type,B_cell,D6,6.0,25,-0.1577530569562939,-0.10456674255040532,0,7,18,0.0,0.28,mostly_near_zero,activity-like,D10,0.454036194393983,0.164629605915765,0.75600666168997
Pattern3,cell_type,B_cell,D8,8.0,25,0.09349358260469211,0.03562304977033529,4,0,21,0.16,0.0,mostly_near_zero,activity-like,D10,0.454036194393983,0.164629605915765,0.75600666168997
Pattern3,cell_type,B_cell,D10,10.0,25,1.8217276132864353,1.4843085216394585,20,0,5,0.8,0.0,mostly_up,activity-like,D10,0.454036194393983,0.164629605915765,0.75600666168997
Pattern3,cell_type,B_cell,D14/15,14.5,25,1.5949535640363666,1.30090711615726,22,0,3,0.88,0.0,mostly_up,activity-like,D10,0.454036194393983,0.164629605915765,0.75600666168997
Pattern3,cell_type,B_cell,D28,28.0,25,0.10405504895337087,0.07494243041171522,7,3,15,0.28,0.12,mostly_near_zero,activity-like,D10,0.454036194393983,0.164629605915765,0.75600666168997
Pattern4,cell_type,B_cell,D2,2.0,25,-0.07530078341254957,-0.09886223491270663,0,2,23,0.0,0.08,mostly_near_zero,identity-like,D14/15,0.00981255187316661,0.0469644200389067,-0.0877535662757487
Pattern4,cell_type,B_cell,D4,4.0,25,-0.11269757135556142,-0.09645138955497501,0,2,23,0.0,0.08,mostly_near_zero,identity-like,D14/15,0.00981255187316661,0.0469644200389067,-0.0877535662757487
Pattern4,cell_type,B_cell,D6,6.0,25,-0.15071126311922403,-0.06606205698152283,0,7,18,0.0,0.28,mostly_near_zero,identity-like,D14/15,0.00981255187316661,0.0469644200389067,-0.0877535662757487
Pattern4,cell_type,B_cell,D8,8.0,25,-0.09964619377193529,-0.054642775447371505,0,5,20,0.0,0.2,mostly_near_zero,identity-like,D14/15,0.00981255187316661,0.0469644200389067,-0.0877535662757487
Pattern4,cell_type,B_cell,D10,10.0,25,-0.17508975841480287,-0.18261269569027525,2,9,14,0.08,0.36,mostly_near_zero,identity-like,D14/15,0.00981255187316661,0.0469644200389067,-0.0877535662757487
Pattern4,cell_type,B_cell,D14/15,14.5,25,0.2660458230141877,0.36449177772603925,14,3,8,0.56,0.12,mostly_near_zero,identity-like,D14/15,0.00981255187316661,0.0469644200389067,-0.0877535662757487
Pattern4,cell_type,B_cell,D28,28.0,25,-0.06365179154150004,-0.0010801739678208595,1,5,19,0.04,0.2,mostly_near_zero,identity-like,D14/15,0.00981255187316661,0.0469644200389067,-0.0877535662757487
Pattern5,cell_type,B_cell,D2,2.0,25,-0.03639963544049221,-0.04216622352469853,0,1,24,0.0,0.04,mostly_near_zero,identity-like,D14/15,0.020907301802552,0.159814675634815,-0.0117378046950792
Pattern5,cell_type,B_cell,D4,4.0,25,-0.10426834649709084,-0.09289873542504108,0,2,23,0.0,0.08,mostly_near_zero,identity-like,D14/15,0.020907301802552,0.159814675634815,-0.0117378046950792
Pattern5,cell_type,B_cell,D6,6.0,25,-0.020825334667208786,-0.017396490278546395,0,0,25,0.0,0.0,mostly_near_zero,identity-like,D14/15,0.020907301802552,0.159814675634815,-0.0117378046950792
Pattern5,cell_type,B_cell,D8,8.0,25,-0.048741693668672786,-0.045349887885124694,0,1,24,0.0,0.04,mostly_near_zero,identity-like,D14/15,0.020907301802552,0.159814675634815,-0.0117378046950792
Pattern5,cell_type,B_cell,D10,10.0,25,-0.018448833682067813,-0.05177530345478143,2,5,18,0.08,0.2,mostly_near_zero,identity-like,D14/15,0.020907301802552,0.159814675634815,-0.0117378046950792
Pattern5,cell_type,B_cell,D14/15,14.5,25,-0.0039721378058179355,-0.09221208097433269,5,4,16,0.2,0.16,mostly_near_zero,identity-like,D14/15,0.020907301802552,0.159814675634815,-0.0117378046950792
Pattern5,cell_type,B_cell,D28,28.0,25,-0.06529918664635591,-0.06948254608823785,0,1,24,0.0,0.04,mostly_near_zero,identity-like,D14/15,0.020907301802552,0.159814675634815,-0.0117378046950792
Pattern6,cell_type,B_cell,D2,2.0,25,-0.04342287170305668,-0.014111892943091084,0,1,24,0.0,0.04,mostly_near_zero,identity-like,D28,0.00194351041424414,0.16558707210451,0.0786828398064539
Pattern6,cell_type,B_cell,D4,4.0,25,-0.04057171532387119,-0.04406898350603091,1,0,24,0.04,0.0,mostly_near_zero,identity-like,D28,0.00194351041424414,0.16558707210451,0.0786828398064539
Pattern6,cell_type,B_cell,D6,6.0,25,-0.026069286363893114,-0.022022727327977165,0,0,25,0.0,0.0,mostly_near_zero,identity-like,D28,0.00194351041424414,0.16558707210451,0.0786828398064539
Pattern6,cell_type,B_cell,D8,8.0,25,-0.016909714457663334,-0.012580304168990253,1,0,24,0.04,0.0,mostly_near_zero,identity-like,D28,0.00194351041424414,0.16558707210451,0.0786828398064539
Pattern6,cell_type,B_cell,D10,10.0,25,-0.1426033487187861,-0.2053322615289724,3,10,12,0.12,0.4,mostly_near_zero,identity-like,D28,0.00194351041424414,0.16558707210451,0.0786828398064539
Pattern6,cell_type,B_cell,D14/15,14.5,25,-0.10974787463455582,-0.21389568868665046,8,12,5,0.32,0.48,mixed,identity-like,D28,0.00194351041424414,0.16558707210451,0.0786828398064539
Pattern6,cell_type,B_cell,D28,28.0,25,-0.08014496748141936,-0.06733897485838962,0,4,21,0.0,0.16,mostly_near_zero,identity-like,D28,0.00194351041424414,0.16558707210451,0.0786828398064539
Pattern7,cell_type,B_cell,D2,2.0,25,-0.01898676377507053,-0.0025751862503848124,0,1,24,0.0,0.04,mostly_near_zero,identity-like,D14/15,0.00511289334251585,0.549712893250446,-0.085419574878381
Pattern7,cell_type,B_cell,D4,4.0,25,-0.08114394231351939,-0.045194039528572816,0,2,23,0.0,0.08,mostly_near_zero,identity-like,D14/15,0.00511289334251585,0.549712893250446,-0.085419574878381
Pattern7,cell_type,B_cell,D6,6.0,25,-0.02498109466668739,-0.022022727327977165,0,1,24,0.0,0.04,mostly_near_zero,identity-like,D14/15,0.00511289334251585,0.549712893250446,-0.085419574878381
Pattern7,cell_type,B_cell,D8,8.0,25,-0.04215807476550322,-0.054642775447371505,0,0,25,0.0,0.0,mostly_near_zero,identity-like,D14/15,0.00511289334251585,0.549712893250446,-0.085419574878381
Pattern7,cell_type,B_cell,D10,10.0,25,-0.17921885639098076,-0.21111364461701734,2,11,12,0.08,0.44,mostly_near_zero,identity-like,D14/15,0.00511289334251585,0.549712893250446,-0.085419574878381
Pattern7,cell_type,B_cell,D14/15,14.5,25,-0.23388052660060268,-0.3976330164296318,4,14,7,0.16,0.56,mostly_near_zero,identity-like,D14/15,0.00511289334251585,0.549712893250446,-0.085419574878381
Pattern7,cell_type,B_cell,D28,28.0,25,-0.1183799966033731,-0.15007416480553046,0,8,17,0.0,0.32,mostly_near_zero,identity-like,D14/15,0.00511289334251585,0.549712893250446,-0.085419574878381
Pattern8,cell_type,B_cell,D2,2.0,25,-0.04495460333600256,-0.006796060383468472,0,2,23,0.0,0.08,mostly_near_zero,identity-like,D14/15,0.00321652467152328,0.642289174585567,-0.14916520053419
Pattern8,cell_type,B_cell,D4,4.0,25,-0.06822708933843598,-0.045194039528572816,1,1,23,0.04,0.04,mostly_near_zero,identity-like,D14/15,0.00321652467152328,0.642289174585567,-0.14916520053419
Pattern8,cell_type,B_cell,D6,6.0,25,-0.05831918036568104,-0.03483784674533356,0,2,23,0.0,0.08,mostly_near_zero,identity-like,D14/15,0.00321652467152328,0.642289174585567,-0.14916520053419
Pattern8,cell_type,B_cell,D8,8.0,25,-0.03951731901867318,-0.04696971325245632,0,0,25,0.0,0.0,mostly_near_zero,identity-like,D14/15,0.00321652467152328,0.642289174585567,-0.14916520053419
Pattern8,cell_type,B_cell,D10,10.0,25,-0.01904355808799957,-0.09349501381260931,4,5,16,0.16,0.2,mostly_near_zero,identity-like,D14/15,0.00321652467152328,0.642289174585567,-0.14916520053419
Pattern8,cell_type,B_cell,D14/15,14.5,25,-0.12889297083602239,-0.1712058399075218,5,11,9,0.2,0.44,mostly_near_zero,identity-like,D14/15,0.00321652467152328,0.642289174585567,-0.14916520053419
Pattern8,cell_type,B_cell,D28,28.0,25,-0.050262058146700664,-0.011330264681663612,0,4,21,0.0,0.16,mostly_near_zero,identity-like,D14/15,0.00321652467152328,0.642289174585567,-0.14916520053419
Pattern9,cell_type,B_cell,D2,2.0,25,0.0015084325304152428,-0.011518778345107469,2,1,22,0.08,0.04,mostly_near_zero,identity-like,D14/15,0.0092421576728893,0.779860868323658,0.203614527233417
Pattern9,cell_type,B_cell,D4,4.0,25,-0.11838954411851949,-0.07498704419296705,0,1,24,0.0,0.04,mostly_near_zero,identity-like,D14/15,0.0092421576728893,0.779860868323658,0.203614527233417
Pattern9,cell_type,B_cell,D6,6.0,25,-0.11226922331010147,-0.03495819573078348,0,4,21,0.0,0.16,mostly_near_zero,identity-like,D14/15,0.0092421576728893,0.779860868323658,0.203614527233417
Pattern9,cell_type,B_cell,D8,8.0,25,-0.053532809583682735,-0.04696971325245632,2,1,22,0.08,0.04,mostly_near_zero,identity-like,D14/15,0.0092421576728893,0.779860868323658,0.203614527233417
Pattern9,cell_type,B_cell,D10,10.0,25,0.15218368990257714,0.009776223693284791,7,6,12,0.28,0.24,mostly_near_zero,identity-like,D14/15,0.0092421576728893,0.779860868323658,0.203614527233417
Pattern9,cell_type,B_cell,D14/15,14.5,25,0.1692851505531477,-0.031078365840248406,11,9,5,0.44,0.36,mixed,identity-like,D14/15,0.0092421576728893,0.779860868323658,0.203614527233417
Pattern9,cell_type,B_cell,D28,28.0,25,-0.06926454485514141,-0.03177348413860829,1,5,19,0.04,0.2,mostly_near_zero,identity-like,D14/15,0.0092421576728893,0.779860868323658,0.203614527233417
Pattern1,cell_type,Monocyte,D2,2.0,25,-0.013832142159716508,0.006402700240571472,0,0,25,0.0,0.0,mostly_near_zero,identity-like,D6,0.0194995106417388,0.163340379701848,-0.074088138126735
Pattern1,cell_type,Monocyte,D4,4.0,25,0.008755668281191748,0.033192736236631624,0,0,25,0.0,0.0,mostly_near_zero,identity-like,D6,0.0194995106417388,0.163340379701848,-0.074088138126735
Pattern1,cell_type,Monocyte,D6,6.0,25,-0.007314736809097841,0.01425671719300207,0,0,25,0.0,0.0,mostly_near_zero,identity-like,D6,0.0194995106417388,0.163340379701848,-0.074088138126735
Pattern1,cell_type,Monocyte,D8,8.0,25,-0.039161496486176416,-0.030464167655773977,0,0,25,0.0,0.0,mostly_near_zero,identity-like,D6,0.0194995106417388,0.163340379701848,-0.074088138126735
Pattern1,cell_type,Monocyte,D10,10.0,25,-0.34129081491692514,-0.41317829726304584,3,16,6,0.12,0.64,mostly_down,identity-like,D6,0.0194995106417388,0.163340379701848,-0.074088138126735
Pattern1,cell_type,Monocyte,D14/15,14.5,25,-0.4148286319367407,-0.5908986006499622,2,15,8,0.08,0.6,mostly_down,identity-like,D6,0.0194995106417388,0.163340379701848,-0.074088138126735
Pattern1,cell_type,Monocyte,D28,28.0,25,0.18183329427761535,0.17004957607996948,11,0,14,0.44,0.0,mostly_near_zero,identity-like,D6,0.0194995106417388,0.163340379701848,-0.074088138126735
Pattern10,cell_type,Monocyte,D2,2.0,25,-0.015611282042815375,-0.00922700666276081,0,0,25,0.0,0.0,mostly_near_zero,identity-like,D0,0.00941045031180752,0.911549622004823,-0.174733943817074
Pattern10,cell_type,Monocyte,D4,4.0,25,0.05641483985336025,0.0556055216095821,0,0,25,0.0,0.0,mostly_near_zero,identity-like,D0,0.00941045031180752,0.911549622004823,-0.174733943817074
Pattern10,cell_type,Monocyte,D6,6.0,25,0.01812287660625027,0.01951556783164321,0,0,25,0.0,0.0,mostly_near_zero,identity-like,D0,0.00941045031180752,0.911549622004823,-0.174733943817074
Pattern10,cell_type,Monocyte,D8,8.0,25,0.04337345873195747,0.015527263389315019,2,0,23,0.08,0.0,mostly_near_zero,identity-like,D0,0.00941045031180752,0.911549622004823,-0.174733943817074
Pattern10,cell_type,Monocyte,D10,10.0,25,-0.32997651673351536,-0.48073344063272455,3,15,7,0.12,0.6,mostly_down,identity-like,D0,0.00941045031180752,0.911549622004823,-0.174733943817074
Pattern10,cell_type,Monocyte,D14/15,14.5,25,-0.4095166807465157,-0.5994608334246685,3,15,7,0.12,0.6,mostly_down,identity-like,D0,0.00941045031180752,0.911549622004823,-0.174733943817074
Pattern10,cell_type,Monocyte,D28,28.0,25,0.23378916249966483,0.1980266925067665,12,0,13,0.48,0.0,mostly_near_zero,identity-like,D0,0.00941045031180752,0.911549622004823,-0.174733943817074
Pattern2,cell_type,Monocyte,D2,2.0,25,0.0057625839825844825,0.010091103223372144,0,0,25,0.0,0.0,mostly_near_zero,identity-like,D0,0.00619947836603865,0.499898963394282,-0.150858642749624
Pattern2,cell_type,Monocyte,D4,4.0,25,0.016145308007658083,0.033192736236631624,0,0,25,0.0,0.0,mostly_near_zero,identity-like,D0,0.00619947836603865,0.499898963394282,-0.150858642749624
Pattern2,cell_type,Monocyte,D6,6.0,25,-0.00046956450626550365,0.004865901939041943,0,0,25,0.0,0.0,mostly_near_zero,identity-like,D0,0.00619947836603865,0.499898963394282,-0.150858642749624
Pattern2,cell_type,Monocyte,D8,8.0,25,-0.031971786018760585,-0.045347789889281266,0,0,25,0.0,0.0,mostly_near_zero,identity-like,D0,0.00619947836603865,0.499898963394282,-0.150858642749624
Pattern2,cell_type,Monocyte,D10,10.0,25,-0.09558774173854631,-0.12304385201749568,8,11,6,0.32,0.44,mixed,identity-like,D0,0.00619947836603865,0.499898963394282,-0.150858642749624
Pattern2,cell_type,Monocyte,D14/15,14.5,25,-0.22710234391624717,-0.03329208637263351,5,11,9,0.2,0.44,mostly_near_zero,identity-like,D0,0.00619947836603865,0.499898963394282,-0.150858642749624
Pattern2,cell_type,Monocyte,D28,28.0,25,0.23089719764053054,0.18673129339402075,11,0,14,0.44,0.0,mostly_near_zero,identity-like,D0,0.00619947836603865,0.499898963394282,-0.150858642749624
Pattern3,cell_type,Monocyte,D2,2.0,25,0.035445830152487035,0.03058912396558829,2,0,23,0.08,0.0,mostly_near_zero,activity-like,D10,0.454036194393983,0.164629605915765,0.75600666168997
Pattern3,cell_type,Monocyte,D4,4.0,25,-0.1556634549849128,-0.07542644028929679,0,7,18,0.0,0.28,mostly_near_zero,activity-like,D10,0.454036194393983,0.164629605915765,0.75600666168997
Pattern3,cell_type,Monocyte,D6,6.0,25,-0.1070094640278822,-0.024788451425077202,0,5,20,0.0,0.2,mostly_near_zero,activity-like,D10,0.454036194393983,0.164629605915765,0.75600666168997
Pattern3,cell_type,Monocyte,D8,8.0,25,0.3523135680864528,0.29337618576463304,13,0,12,0.52,0.0,mostly_near_zero,activity-like,D10,0.454036194393983,0.164629605915765,0.75600666168997
Pattern3,cell_type,Monocyte,D10,10.0,25,2.0064349980057457,2.0673034494484455,23,0,2,0.92,0.0,mostly_up,activity-like,D10,0.454036194393983,0.164629605915765,0.75600666168997
Pattern3,cell_type,Monocyte,D14/15,14.5,25,1.9450037494098367,1.9439135311720808,23,0,2,0.92,0.0,mostly_up,activity-like,D10,0.454036194393983,0.164629605915765,0.75600666168997
Pattern3,cell_type,Monocyte,D28,28.0,25,0.5753588799222286,0.5465257580656745,23,1,1,0.92,0.04,mostly_up,activity-like,D10,0.454036194393983,0.164629605915765,0.75600666168997
Pattern4,cell_type,Monocyte,D2,2.0,25,0.07205473578420772,0.03902759832578203,2,0,23,0.08,0.0,mostly_near_zero,identity-like,D14/15,0.00981255187316661,0.0469644200389067,-0.0877535662757487
Pattern4,cell_type,Monocyte,D4,4.0,25,-0.02947254308123258,-0.013886133492350202,0,2,23,0.0,0.08,mostly_near_zero,identity-like,D14/15,0.00981255187316661,0.0469644200389067,-0.0877535662757487
Pattern4,cell_type,Monocyte,D6,6.0,25,-0.030327113127331416,-0.0023854945671433945,0,2,23,0.0,0.08,mostly_near_zero,identity-like,D14/15,0.00981255187316661,0.0469644200389067,-0.0877535662757487
Pattern4,cell_type,Monocyte,D8,8.0,25,0.012015446175466831,-0.006341668642724822,2,0,23,0.08,0.0,mostly_near_zero,identity-like,D14/15,0.00981255187316661,0.0469644200389067,-0.0877535662757487
Pattern4,cell_type,Monocyte,D10,10.0,25,-0.060124115343623885,-0.17533098078840256,5,9,11,0.2,0.36,mostly_near_zero,identity-like,D14/15,0.00981255187316661,0.0469644200389067,-0.0877535662757487
Pattern4,cell_type,Monocyte,D14/15,14.5,25,0.1608885329626636,0.1005267937844702,10,3,12,0.4,0.12,mostly_near_zero,identity-like,D14/15,0.00981255187316661,0.0469644200389067,-0.0877535662757487
Pattern4,cell_type,Monocyte,D28,28.0,25,0.13711914227919042,0.2875781940102969,14,5,6,0.56,0.2,mostly_near_zero,identity-like,D14/15,0.00981255187316661,0.0469644200389067,-0.0877535662757487
Pattern5,cell_type,Monocyte,D2,2.0,25,-0.0012589082864099762,0.004271548189607029,0,0,25,0.0,0.0,mostly_near_zero,identity-like,D14/15,0.020907301802552,0.159814675634815,-0.0117378046950792
Pattern5,cell_type,Monocyte,D4,4.0,25,0.06661147341783741,0.07731181022756435,0,0,25,0.0,0.0,mostly_near_zero,identity-like,D14/15,0.020907301802552,0.159814675634815,-0.0117378046950792
Pattern5,cell_type,Monocyte,D6,6.0,25,-0.003102367940970984,-0.002484659403052092,0,0,25,0.0,0.0,mostly_near_zero,identity-like,D14/15,0.020907301802552,0.159814675634815,-0.0117378046950792
Pattern5,cell_type,Monocyte,D8,8.0,25,0.027283903413122652,0.04152477364075432,0,0,25,0.0,0.0,mostly_near_zero,identity-like,D14/15,0.020907301802552,0.159814675634815,-0.0117378046950792
Pattern5,cell_type,Monocyte,D10,10.0,25,-0.11108751464236102,-0.05155758725247169,3,8,14,0.12,0.32,mostly_near_zero,identity-like,D14/15,0.020907301802552,0.159814675634815,-0.0117378046950792
Pattern5,cell_type,Monocyte,D14/15,14.5,25,0.021089451439982084,0.14445419295342,7,6,12,0.28,0.24,mostly_near_zero,identity-like,D14/15,0.020907301802552,0.159814675634815,-0.0117378046950792
Pattern5,cell_type,Monocyte,D28,28.0,25,0.323885022578447,0.3647495719044418,19,1,5,0.76,0.04,mostly_up,identity-like,D14/15,0.020907301802552,0.159814675634815,-0.0117378046950792
Pattern6,cell_type,Monocyte,D2,2.0,25,0.017191281300940383,0.017221587575728375,1,0,24,0.04,0.0,mostly_near_zero,identity-like,D28,0.00194351041424414,0.16558707210451,0.0786828398064539
Pattern6,cell_type,Monocyte,D4,4.0,25,0.04239521894847495,0.04831827277584111,1,0,24,0.04,0.0,mostly_near_zero,identity-like,D28,0.00194351041424414,0.16558707210451,0.0786828398064539
Pattern6,cell_type,Monocyte,D6,6.0,25,-0.009757140697499563,0.01945627889439372,0,0,25,0.0,0.0,mostly_near_zero,identity-like,D28,0.00194351041424414,0.16558707210451,0.0786828398064539
Pattern6,cell_type,Monocyte,D8,8.0,25,0.033425889738751796,0.015527263389315019,2,0,23,0.08,0.0,mostly_near_zero,identity-like,D28,0.00194351041424414,0.16558707210451,0.0786828398064539
Pattern6,cell_type,Monocyte,D10,10.0,25,-0.19843345857418385,-0.3039398664906046,6,13,6,0.24,0.52,mostly_near_zero,identity-like,D28,0.00194351041424414,0.16558707210451,0.0786828398064539
Pattern6,cell_type,Monocyte,D14/15,14.5,25,-0.18880448865164184,-0.40790720796948676,9,14,2,0.36,0.56,mixed,identity-like,D28,0.00194351041424414,0.16558707210451,0.0786828398064539
Pattern6,cell_type,Monocyte,D28,28.0,25,0.23485340787383774,0.1980266925067665,12,0,13,0.48,0.0,mostly_near_zero,identity-like,D28,0.00194351041424414,0.16558707210451,0.0786828398064539
Pattern7,cell_type,Monocyte,D2,2.0,25,-0.013206006197275274,0.006711378516249293,0,1,24,0.0,0.04,mostly_near_zero,identity-like,D14/15,0.00511289334251585,0.549712893250446,-0.085419574878381
Pattern7,cell_type,Monocyte,D4,4.0,25,0.02155382951026761,0.046968169210883794,0,0,25,0.0,0.0,mostly_near_zero,identity-like,D14/15,0.00511289334251585,0.549712893250446,-0.085419574878381
Pattern7,cell_type,Monocyte,D6,6.0,25,-0.002131113363293846,0.01945627889439372,0,1,24,0.0,0.04,mostly_near_zero,identity-like,D14/15,0.00511289334251585,0.549712893250446,-0.085419574878381
Pattern7,cell_type,Monocyte,D8,8.0,25,-0.008658681015622746,-0.006341668642724822,1,0,24,0.04,0.0,mostly_near_zero,identity-like,D14/15,0.00511289334251585,0.549712893250446,-0.085419574878381
Pattern7,cell_type,Monocyte,D10,10.0,25,-0.31768800338769404,-0.5399202585600692,4,16,5,0.16,0.64,mostly_down,identity-like,D14/15,0.00511289334251585,0.549712893250446,-0.085419574878381
Pattern7,cell_type,Monocyte,D14/15,14.5,25,-0.3973348394811087,-0.6416565522348036,4,16,5,0.16,0.64,mostly_down,identity-like,D14/15,0.00511289334251585,0.549712893250446,-0.085419574878381
Pattern7,cell_type,Monocyte,D28,28.0,25,0.1618778785583367,0.14188663556819195,9,1,15,0.36,0.04,mostly_near_zero,identity-like,D14/15,0.00511289334251585,0.549712893250446,-0.085419574878381
Pattern8,cell_type,Monocyte,D2,2.0,25,0.01308762032420257,0.017221587575728375,0,0,25,0.0,0.0,mostly_near_zero,identity-like,D14/15,0.00321652467152328,0.642289174585567,-0.14916520053419
Pattern8,cell_type,Monocyte,D4,4.0,25,0.029777327590597244,0.046799008831234445,0,0,25,0.0,0.0,mostly_near_zero,identity-like,D14/15,0.00321652467152328,0.642289174585567,-0.14916520053419
Pattern8,cell_type,Monocyte,D6,6.0,25,0.004145175201017679,0.013876746148831979,0,0,25,0.0,0.0,mostly_near_zero,identity-like,D14/15,0.00321652467152328,0.642289174585567,-0.14916520053419
Pattern8,cell_type,Monocyte,D8,8.0,25,-0.00030332095184287355,-0.014571262716638481,1,0,24,0.04,0.0,mostly_near_zero,identity-like,D14/15,0.00321652467152328,0.642289174585567,-0.14916520053419
Pattern8,cell_type,Monocyte,D10,10.0,25,-0.037565308782943035,0.07863585662800314,8,9,8,0.32,0.36,mixed,identity-like,D14/15,0.00321652467152328,0.642289174585567,-0.14916520053419
Pattern8,cell_type,Monocyte,D14/15,14.5,25,-0.18295908958641516,-0.12359315291020678,6,11,8,0.24,0.44,mostly_near_zero,identity-like,D14/15,0.00321652467152328,0.642289174585567,-0.14916520053419
Pattern8,cell_type,Monocyte,D28,28.0,25,0.28088979019354643,0.2875781940102969,13,0,12,0.52,0.0,mostly_near_zero,identity-like,D14/15,0.00321652467152328,0.642289174585567,-0.14916520053419
Pattern9,cell_type,Monocyte,D2,2.0,25,0.06337426713011779,0.023158165999092855,3,0,22,0.12,0.0,mostly_near_zero,identity-like,D14/15,0.0092421576728893,0.779860868323658,0.203614527233417
Pattern9,cell_type,Monocyte,D4,4.0,25,0.006115122653305035,0.046799008831234445,1,1,23,0.04,0.04,mostly_near_zero,identity-like,D14/15,0.0092421576728893,0.779860868323658,0.203614527233417
Pattern9,cell_type,Monocyte,D6,6.0,25,0.08310273743322162,0.026904803602275134,4,0,21,0.16,0.0,mostly_near_zero,identity-like,D14/15,0.0092421576728893,0.779860868323658,0.203614527233417
Pattern9,cell_type,Monocyte,D8,8.0,25,0.080334795685342,0.00600725477662678,4,0,21,0.16,0.0,mostly_near_zero,identity-like,D14/15,0.0092421576728893,0.779860868323658,0.203614527233417
Pattern9,cell_type,Monocyte,D10,10.0,25,0.10079173709272966,-0.026501130500077963,7,9,9,0.28,0.36,mostly_near_zero,identity-like,D14/15,0.0092421576728893,0.779860868323658,0.203614527233417
Pattern9,cell_type,Monocyte,D14/15,14.5,25,0.26079711811545414,0.15214994491249514,11,9,5,0.44,0.36,mixed,identity-like,D14/15,0.0092421576728893,0.779860868323658,0.203614527233417
Pattern9,cell_type,Monocyte,D28,28.0,25,0.27553771920651504,0.28768781903199486,15,1,9,0.6,0.04,mostly_up,identity-like,D14/15,0.0092421576728893,0.779860868323658,0.203614527233417
Pattern1,cell_type,NK_cell,D2,2.0,25,-0.010707848451451967,0.00499475434559334,0,1,24,0.0,0.04,mostly_near_zero,identity-like,D6,0.0194995106417388,0.163340379701848,-0.074088138126735
Pattern1,cell_type,NK_cell,D4,4.0,25,-0.06779681808793474,-0.054421907188683484,0,3,22,0.0,0.12,mostly_near_zero,identity-like,D6,0.0194995106417388,0.163340379701848,-0.074088138126735
Pattern1,cell_type,NK_cell,D6,6.0,25,-0.02484113112106872,-0.016326489629537495,0,0,25,0.0,0.0,mostly_near_zero,identity-like,D6,0.0194995106417388,0.163340379701848,-0.074088138126735
Pattern1,cell_type,NK_cell,D8,8.0,25,-0.02007845745447644,-0.018652836302152902,0,1,24,0.0,0.04,mostly_near_zero,identity-like,D6,0.0194995106417388,0.163340379701848,-0.074088138126735
Pattern1,cell_type,NK_cell,D10,10.0,25,-0.22502748544827658,-0.16439584616420314,2,11,12,0.08,0.44,mostly_near_zero,identity-like,D6,0.0194995106417388,0.163340379701848,-0.074088138126735
Pattern1,cell_type,NK_cell,D14/15,14.5,25,-0.3568833827119763,-0.2523477208338341,3,13,9,0.12,0.52,mostly_near_zero,identity-like,D6,0.0194995106417388,0.163340379701848,-0.074088138126735
Pattern1,cell_type,NK_cell,D28,28.0,25,-0.1391204328037561,-0.04451125570707859,2,8,15,0.08,0.32,mostly_near_zero,identity-like,D6,0.0194995106417388,0.163340379701848,-0.074088138126735
Pattern10,cell_type,NK_cell,D2,2.0,25,0.020347378877591013,0.020956693551502426,1,0,24,0.04,0.0,mostly_near_zero,identity-like,D0,0.00941045031180752,0.911549622004823,-0.174733943817074
Pattern10,cell_type,NK_cell,D4,4.0,25,-0.04596043730625246,-0.04599214427046642,0,0,25,0.0,0.0,mostly_near_zero,identity-like,D0,0.00941045031180752,0.911549622004823,-0.174733943817074
Pattern10,cell_type,NK_cell,D6,6.0,25,-0.03173262456266469,-0.011467968878711451,0,2,23,0.0,0.08,mostly_near_zero,identity-like,D0,0.00941045031180752,0.911549622004823,-0.174733943817074
Pattern10,cell_type,NK_cell,D8,8.0,25,-0.010563169448249475,-0.007156967551349425,0,0,25,0.0,0.0,mostly_near_zero,identity-like,D0,0.00941045031180752,0.911549622004823,-0.174733943817074
Pattern10,cell_type,NK_cell,D10,10.0,25,-0.1858495878633963,-0.1901521165757476,5,12,8,0.2,0.48,mostly_near_zero,identity-like,D0,0.00941045031180752,0.911549622004823,-0.174733943817074
Pattern10,cell_type,NK_cell,D14/15,14.5,25,-0.35817740408638316,-0.4520266840804297,4,14,7,0.16,0.56,mostly_near_zero,identity-like,D0,0.00941045031180752,0.911549622004823,-0.174733943817074
Pattern10,cell_type,NK_cell,D28,28.0,25,-0.06169039643586967,-0.03465006770161594,3,8,14,0.12,0.32,mostly_near_zero,identity-like,D0,0.00941045031180752,0.911549622004823,-0.174733943817074
Pattern2,cell_type,NK_cell,D2,2.0,25,-0.019878054278386657,0.020956693551502426,0,2,23,0.0,0.08,mostly_near_zero,identity-like,D0,0.00619947836603865,0.499898963394282,-0.150858642749624
Pattern2,cell_type,NK_cell,D4,4.0,25,-0.05499776764318638,-0.04599214427046642,1,3,21,0.04,0.12,mostly_near_zero,identity-like,D0,0.00619947836603865,0.499898963394282,-0.150858642749624
Pattern2,cell_type,NK_cell,D6,6.0,25,0.002485502465434936,-0.0029248449225072193,0,0,25,0.0,0.0,mostly_near_zero,identity-like,D0,0.00619947836603865,0.499898963394282,-0.150858642749624
Pattern2,cell_type,NK_cell,D8,8.0,25,-0.015256761285524086,-0.007156967551349425,0,2,23,0.0,0.08,mostly_near_zero,identity-like,D0,0.00619947836603865,0.499898963394282,-0.150858642749624
Pattern2,cell_type,NK_cell,D10,10.0,25,-0.08129265407511525,-0.1268305439622092,9,9,7,0.36,0.36,mixed,identity-like,D0,0.00619947836603865,0.499898963394282,-0.150858642749624
Pattern2,cell_type,NK_cell,D14/15,14.5,25,-0.2618540944004151,-0.15399104706614666,6,12,7,0.24,0.48,mostly_near_zero,identity-like,D0,0.00619947836603865,0.499898963394282,-0.150858642749624
Pattern2,cell_type,NK_cell,D28,28.0,25,-0.10333418498318055,-0.08137459104190192,2,9,14,0.08,0.36,mostly_near_zero,identity-like,D0,0.00619947836603865,0.499898963394282,-0.150858642749624
Pattern3,cell_type,NK_cell,D2,2.0,25,-0.06916255542450749,-0.0237193088633146,2,8,15,0.08,0.32,mostly_near_zero,activity-like,D10,0.454036194393983,0.164629605915765,0.75600666168997
Pattern3,cell_type,NK_cell,D4,4.0,25,-0.2708039561209011,-0.0894031391458429,0,10,15,0.0,0.4,mostly_near_zero,activity-like,D10,0.454036194393983,0.164629605915765,0.75600666168997
Pattern3,cell_type,NK_cell,D6,6.0,25,-0.14288306951418372,-0.040559312734551156,1,6,18,0.04,0.24,mostly_near_zero,activity-like,D10,0.454036194393983,0.164629605915765,0.75600666168997
Pattern3,cell_type,NK_cell,D8,8.0,25,0.014594320606212085,0.051354161466188465,3,2,20,0.12,0.08,mostly_near_zero,activity-like,D10,0.454036194393983,0.164629605915765,0.75600666168997
Pattern3,cell_type,NK_cell,D10,10.0,25,1.7888735751129874,1.5340517443709665,25,0,0,1.0,0.0,mostly_up,activity-like,D10,0.454036194393983,0.164629605915765,0.75600666168997
Pattern3,cell_type,NK_cell,D14/15,14.5,25,1.577875437477564,1.4637422068555626,21,0,4,0.84,0.0,mostly_up,activity-like,D10,0.454036194393983,0.164629605915765,0.75600666168997
Pattern3,cell_type,NK_cell,D28,28.0,25,0.19066016244303413,0.19204091876975374,8,4,13,0.32,0.16,mostly_near_zero,activity-like,D10,0.454036194393983,0.164629605915765,0.75600666168997
Pattern4,cell_type,NK_cell,D2,2.0,25,0.07127651957990974,0.03936400329174224,2,0,23,0.08,0.0,mostly_near_zero,identity-like,D14/15,0.00981255187316661,0.0469644200389067,-0.0877535662757487
Pattern4,cell_type,NK_cell,D4,4.0,25,0.034664903117260296,-0.005738653518945351,3,2,20,0.12,0.08,mostly_near_zero,identity-like,D14/15,0.00981255187316661,0.0469644200389067,-0.0877535662757487
Pattern4,cell_type,NK_cell,D6,6.0,25,0.02983527120838165,0.02240549707921898,1,0,24,0.04,0.0,mostly_near_zero,identity-like,D14/15,0.00981255187316661,0.0469644200389067,-0.0877535662757487
Pattern4,cell_type,NK_cell,D8,8.0,25,-0.017769126023558856,0.027429758943002962,1,3,21,0.04,0.12,mostly_near_zero,identity-like,D14/15,0.00981255187316661,0.0469644200389067,-0.0877535662757487
Pattern4,cell_type,NK_cell,D10,10.0,25,-0.07050540566946183,-0.13712182131546116,6,8,11,0.24,0.32,mostly_near_zero,identity-like,D14/15,0.00981255187316661,0.0469644200389067,-0.0877535662757487
Pattern4,cell_type,NK_cell,D14/15,14.5,25,0.04419223851374006,0.1947738896496182,10,8,7,0.4,0.32,mixed,identity-like,D14/15,0.00981255187316661,0.0469644200389067,-0.0877535662757487
Pattern4,cell_type,NK_cell,D28,28.0,25,0.04927764321630803,0.04637131554349416,5,4,16,0.2,0.16,mostly_near_zero,identity-like,D14/15,0.00981255187316661,0.0469644200389067,-0.0877535662757487
Pattern5,cell_type,NK_cell,D2,2.0,25,0.01882004979824451,0.008122643585916004,1,0,24,0.04,0.0,mostly_near_zero,identity-like,D14/15,0.020907301802552,0.159814675634815,-0.0117378046950792
Pattern5,cell_type,NK_cell,D4,4.0,25,0.009084927786187198,-0.00013924923862695948,0,0,25,0.0,0.0,mostly_near_zero,identity-like,D14/15,0.020907301802552,0.159814675634815,-0.0117378046950792
Pattern5,cell_type,NK_cell,D6,6.0,25,-0.009375142204136228,-0.02061661745493944,0,0,25,0.0,0.0,mostly_near_zero,identity-like,D14/15,0.020907301802552,0.159814675634815,-0.0117378046950792
Pattern5,cell_type,NK_cell,D8,8.0,25,0.09368159713700162,0.07477480444346263,4,0,21,0.16,0.0,mostly_near_zero,identity-like,D14/15,0.020907301802552,0.159814675634815,-0.0117378046950792
Pattern5,cell_type,NK_cell,D10,10.0,25,0.12616664835393834,0.09531538553602026,7,2,16,0.28,0.08,mostly_near_zero,identity-like,D14/15,0.020907301802552,0.159814675634815,-0.0117378046950792
Pattern5,cell_type,NK_cell,D14/15,14.5,25,0.34261338946527814,0.33465311736336173,16,1,8,0.64,0.04,mostly_up,identity-like,D14/15,0.020907301802552,0.159814675634815,-0.0117378046950792
Pattern5,cell_type,NK_cell,D28,28.0,25,0.11546933102488603,0.06749998155121102,4,0,21,0.16,0.0,mostly_near_zero,identity-like,D14/15,0.020907301802552,0.159814675634815,-0.0117378046950792
Pattern6,cell_type,NK_cell,D2,2.0,25,0.05087450850106873,0.028520054497719844,1,0,24,0.04,0.0,mostly_near_zero,identity-like,D28,0.00194351041424414,0.16558707210451,0.0786828398064539
Pattern6,cell_type,NK_cell,D4,4.0,25,0.06530469406448865,-0.03510229270115298,3,0,22,0.12,0.0,mostly_near_zero,identity-like,D28,0.00194351041424414,0.16558707210451,0.0786828398064539
Pattern6,cell_type,NK_cell,D6,6.0,25,0.04513899050289224,0.0166502760680635,2,0,23,0.08,0.0,mostly_near_zero,identity-like,D28,0.00194351041424414,0.16558707210451,0.0786828398064539
Pattern6,cell_type,NK_cell,D8,8.0,25,0.07175844557961274,0.030477039986196292,3,0,22,0.12,0.0,mostly_near_zero,identity-like,D28,0.00194351041424414,0.16558707210451,0.0786828398064539
Pattern6,cell_type,NK_cell,D10,10.0,25,-0.12680172867613557,-0.1901521165757476,7,12,6,0.28,0.48,mostly_near_zero,identity-like,D28,0.00194351041424414,0.16558707210451,0.0786828398064539
Pattern6,cell_type,NK_cell,D14/15,14.5,25,-0.23280298911403607,-0.4463094082666708,7,13,5,0.28,0.52,mostly_near_zero,identity-like,D28,0.00194351041424414,0.16558707210451,0.0786828398064539
Pattern6,cell_type,NK_cell,D28,28.0,25,-0.022343570586304567,-0.005953141167250209,4,7,14,0.16,0.28,mostly_near_zero,identity-like,D28,0.00194351041424414,0.16558707210451,0.0786828398064539
Pattern7,cell_type,NK_cell,D2,2.0,25,-0.01704100269042826,0.00499475434559334,0,1,24,0.0,0.04,mostly_near_zero,identity-like,D14/15,0.00511289334251585,0.549712893250446,-0.085419574878381
Pattern7,cell_type,NK_cell,D4,4.0,25,-0.0756235132371495,-0.054421907188683484,0,3,22,0.0,0.12,mostly_near_zero,identity-like,D14/15,0.00511289334251585,0.549712893250446,-0.085419574878381
Pattern7,cell_type,NK_cell,D6,6.0,25,-0.029839391601061277,-0.02192011022059681,0,1,24,0.0,0.04,mostly_near_zero,identity-like,D14/15,0.00511289334251585,0.549712893250446,-0.085419574878381
Pattern7,cell_type,NK_cell,D8,8.0,25,-0.024355946114002137,-0.01947788428689042,0,1,24,0.0,0.04,mostly_near_zero,identity-like,D14/15,0.00511289334251585,0.549712893250446,-0.085419574878381
Pattern7,cell_type,NK_cell,D10,10.0,25,-0.2717880210424154,-0.3392812864017796,4,14,7,0.16,0.56,mostly_near_zero,identity-like,D14/15,0.00511289334251585,0.549712893250446,-0.085419574878381
Pattern7,cell_type,NK_cell,D14/15,14.5,25,-0.4834157237670638,-0.5680964712615074,2,16,7,0.08,0.64,mostly_down,identity-like,D14/15,0.00511289334251585,0.549712893250446,-0.085419574878381
Pattern7,cell_type,NK_cell,D28,28.0,25,-0.18877657362350983,-0.1537381069412375,0,10,15,0.0,0.4,mostly_near_zero,identity-like,D14/15,0.00511289334251585,0.549712893250446,-0.085419574878381
Pattern8,cell_type,NK_cell,D2,2.0,25,0.037835612323875695,0.02871986617575691,1,0,24,0.04,0.0,mostly_near_zero,identity-like,D14/15,0.00321652467152328,0.642289174585567,-0.14916520053419
Pattern8,cell_type,NK_cell,D4,4.0,25,0.016306389789369657,-0.03393169377803792,3,2,20,0.12,0.08,mostly_near_zero,identity-like,D14/15,0.00321652467152328,0.642289174585567,-0.14916520053419
Pattern8,cell_type,NK_cell,D6,6.0,25,0.029824720266022012,0.0166502760680635,1,0,24,0.04,0.0,mostly_near_zero,identity-like,D14/15,0.00321652467152328,0.642289174585567,-0.14916520053419
Pattern8,cell_type,NK_cell,D8,8.0,25,0.039678531109634874,0.027429758943002962,2,1,22,0.08,0.04,mostly_near_zero,identity-like,D14/15,0.00321652467152328,0.642289174585567,-0.14916520053419
Pattern8,cell_type,NK_cell,D10,10.0,25,-0.02094017905729928,0.015960310685149064,9,8,8,0.36,0.32,mixed,identity-like,D14/15,0.00321652467152328,0.642289174585567,-0.14916520053419
Pattern8,cell_type,NK_cell,D14/15,14.5,25,-0.20121978228470572,-0.13462466509011625,7,11,7,0.28,0.44,mostly_near_zero,identity-like,D14/15,0.00321652467152328,0.642289174585567,-0.14916520053419
Pattern8,cell_type,NK_cell,D28,28.0,25,-0.00980369357271061,0.04060152727970608,4,6,15,0.16,0.24,mostly_near_zero,identity-like,D14/15,0.00321652467152328,0.642289174585567,-0.14916520053419
Pattern9,cell_type,NK_cell,D2,2.0,25,0.040287377158773834,0.03136529497700439,0,0,25,0.0,0.0,mostly_near_zero,identity-like,D14/15,0.0092421576728893,0.779860868323658,0.203614527233417
Pattern9,cell_type,NK_cell,D4,4.0,25,-0.005121228082272087,-0.04406367624227888,0,0,25,0.0,0.0,mostly_near_zero,identity-like,D14/15,0.0092421576728893,0.779860868323658,0.203614527233417
Pattern9,cell_type,NK_cell,D6,6.0,25,-0.0022999518909977467,-0.015512020818168418,0,0,25,0.0,0.0,mostly_near_zero,identity-like,D14/15,0.0092421576728893,0.779860868323658,0.203614527233417
Pattern9,cell_type,NK_cell,D8,8.0,25,0.038601381742862456,0.030477039986196292,1,0,24,0.04,0.0,mostly_near_zero,identity-like,D14/15,0.0092421576728893,0.779860868323658,0.203614527233417
Pattern9,cell_type,NK_cell,D10,10.0,25,0.003724728235449702,0.09544109823687563,10,9,6,0.4,0.36,mixed,identity-like,D14/15,0.0092421576728893,0.779860868323658,0.203614527233417
Pattern9,cell_type,NK_cell,D14/15,14.5,25,-0.14705894524609936,0.14516582452025872,8,10,7,0.32,0.4,mixed,identity-like,D14/15,0.0092421576728893,0.779860868323658,0.203614527233417
Pattern9,cell_type,NK_cell,D28,28.0,25,-0.00999460084123591,0.06383135526755208,7,6,12,0.28,0.24,mostly_near_zero,identity-like,D14/15,0.0092421576728893,0.779860868323658,0.203614527233417
Pattern1,cell_type,Neutrophil,D2,2.0,25,-0.5553930152641715,-0.2366192836651695,5,12,8,0.2,0.48,mostly_near_zero,identity-like,D6,0.0194995106417388,0.163340379701848,-0.074088138126735
Pattern1,cell_type,Neutrophil,D4,4.0,25,0.005444911994268722,-0.27287140122155673,6,14,5,0.24,0.56,mostly_near_zero,identity-like,D6,0.0194995106417388,0.163340379701848,-0.074088138126735
Pattern1,cell_type,Neutrophil,D6,6.0,25,0.7049264183490784,0.7636763366291976,16,5,4,0.64,0.2,mostly_up,identity-like,D6,0.0194995106417388,0.163340379701848,-0.074088138126735
Pattern1,cell_type,Neutrophil,D8,8.0,25,0.19319791295517558,0.12426758962604723,11,8,6,0.44,0.32,mixed,identity-like,D6,0.0194995106417388,0.163340379701848,-0.074088138126735
Pattern1,cell_type,Neutrophil,D10,10.0,25,0.9290543851802323,0.815938046756175,15,6,4,0.6,0.24,mostly_near_zero,identity-like,D6,0.0194995106417388,0.163340379701848,-0.074088138126735
Pattern1,cell_type,Neutrophil,D14/15,14.5,25,-1.9554986082807366,-1.8741190177958398,4,17,4,0.16,0.68,mostly_down,identity-like,D6,0.0194995106417388,0.163340379701848,-0.074088138126735
Pattern1,cell_type,Neutrophil,D28,28.0,25,0.36957723859229413,0.293971571305474,13,4,8,0.52,0.16,mostly_near_zero,identity-like,D6,0.0194995106417388,0.163340379701848,-0.074088138126735
Pattern10,cell_type,Neutrophil,D2,2.0,25,-0.19389579758388464,0.036384391028725815,7,11,7,0.28,0.44,mostly_near_zero,identity-like,D0,0.00941045031180752,0.911549622004823,-0.174733943817074
Pattern10,cell_type,Neutrophil,D4,4.0,25,-0.0407091497485655,-0.31995303387482554,7,15,3,0.28,0.6,mostly_near_zero,identity-like,D0,0.00941045031180752,0.911549622004823,-0.174733943817074
Pattern10,cell_type,Neutrophil,D6,6.0,25,0.6972703234518143,0.7636763366291976,18,4,3,0.72,0.16,mostly_up,identity-like,D0,0.00941045031180752,0.911549622004823,-0.174733943817074
Pattern10,cell_type,Neutrophil,D8,8.0,25,0.12972558792386446,0.12426758962604723,11,4,10,0.44,0.16,mostly_near_zero,identity-like,D0,0.00941045031180752,0.911549622004823,-0.174733943817074
Pattern10,cell_type,Neutrophil,D10,10.0,25,1.127504328103596,1.4586878929262541,19,4,2,0.76,0.16,mostly_up,identity-like,D0,0.00941045031180752,0.911549622004823,-0.174733943817074
Pattern10,cell_type,Neutrophil,D14/15,14.5,25,-1.1971404812796793,-0.614547762628475,7,14,4,0.28,0.56,mostly_near_zero,identity-like,D0,0.00941045031180752,0.911549622004823,-0.174733943817074
Pattern10,cell_type,Neutrophil,D28,28.0,25,0.23846528153456797,0.12403281814815958,12,7,6,0.48,0.28,mostly_near_zero,identity-like,D0,0.00941045031180752,0.911549622004823,-0.174733943817074
Pattern2,cell_type,Neutrophil,D2,2.0,25,-0.527274834789712,-0.3911406105388213,3,15,7,0.12,0.6,mostly_down,identity-like,D0,0.00619947836603865,0.499898963394282,-0.150858642749624
Pattern2,cell_type,Neutrophil,D4,4.0,25,0.15645038117904428,-0.13674937258665976,9,12,4,0.36,0.48,mixed,identity-like,D0,0.00619947836603865,0.499898963394282,-0.150858642749624
Pattern2,cell_type,Neutrophil,D6,6.0,25,0.4910223968449127,0.4056130999272103,15,7,3,0.6,0.28,mostly_near_zero,identity-like,D0,0.00619947836603865,0.499898963394282,-0.150858642749624
Pattern2,cell_type,Neutrophil,D8,8.0,25,0.20894180660332382,0.028653175782111795,9,7,9,0.36,0.28,mostly_near_zero,identity-like,D0,0.00619947836603865,0.499898963394282,-0.150858642749624
Pattern2,cell_type,Neutrophil,D10,10.0,25,1.2301550231187208,1.3038816034087044,19,2,4,0.76,0.08,mostly_up,identity-like,D0,0.00619947836603865,0.499898963394282,-0.150858642749624
Pattern2,cell_type,Neutrophil,D14/15,14.5,25,-1.333445409440526,-0.4926913780744817,6,13,6,0.24,0.52,mostly_near_zero,identity-like,D0,0.00619947836603865,0.499898963394282,-0.150858642749624
Pattern2,cell_type,Neutrophil,D28,28.0,25,0.3575335340211511,0.32126130259265384,13,4,8,0.52,0.16,mostly_near_zero,identity-like,D0,0.00619947836603865,0.499898963394282,-0.150858642749624
Pattern3,cell_type,Neutrophil,D2,2.0,25,-0.0051002436911326225,0.0,8,6,11,0.32,0.24,mostly_near_zero,activity-like,D10,0.454036194393983,0.164629605915765,0.75600666168997
Pattern3,cell_type,Neutrophil,D4,4.0,25,0.6355838434838207,0.42810990519867453,18,3,4,0.72,0.12,mostly_up,activity-like,D10,0.454036194393983,0.164629605915765,0.75600666168997
Pattern3,cell_type,Neutrophil,D6,6.0,25,0.645955472529863,0.3714849310149275,14,2,9,0.56,0.08,mostly_near_zero,activity-like,D10,0.454036194393983,0.164629605915765,0.75600666168997
Pattern3,cell_type,Neutrophil,D8,8.0,25,0.6145818370596985,0.674128758315852,18,2,5,0.72,0.08,mostly_up,activity-like,D10,0.454036194393983,0.164629605915765,0.75600666168997
Pattern3,cell_type,Neutrophil,D10,10.0,25,3.3411516389111853,2.701438167669122,24,1,0,0.96,0.04,mostly_up,activity-like,D10,0.454036194393983,0.164629605915765,0.75600666168997
Pattern3,cell_type,Neutrophil,D14/15,14.5,25,1.2442828115963311,0.0,11,7,7,0.44,0.28,mostly_near_zero,activity-like,D10,0.454036194393983,0.164629605915765,0.75600666168997
Pattern3,cell_type,Neutrophil,D28,28.0,25,1.5416431031298572,1.2228053699718244,21,1,3,0.84,0.04,mostly_up,activity-like,D10,0.454036194393983,0.164629605915765,0.75600666168997
Pattern4,cell_type,Neutrophil,D2,2.0,25,-0.09695034005464893,0.060203167195749696,8,9,8,0.32,0.36,mixed,identity-like,D14/15,0.00981255187316661,0.0469644200389067,-0.0877535662757487
Pattern4,cell_type,Neutrophil,D4,4.0,25,0.30665053447219853,0.12538190940299687,11,7,7,0.44,0.28,mostly_near_zero,identity-like,D14/15,0.00981255187316661,0.0469644200389067,-0.0877535662757487
Pattern4,cell_type,Neutrophil,D6,6.0,25,0.7590141403968039,0.47190578945048767,17,4,4,0.68,0.16,mostly_up,identity-like,D14/15,0.00981255187316661,0.0469644200389067,-0.0877535662757487
Pattern4,cell_type,Neutrophil,D8,8.0,25,0.09348262743810362,0.12426758962604723,11,6,8,0.44,0.24,mostly_near_zero,identity-like,D14/15,0.00981255187316661,0.0469644200389067,-0.0877535662757487
Pattern4,cell_type,Neutrophil,D10,10.0,25,0.8554176940570735,0.7296313195537436,16,5,4,0.64,0.2,mostly_up,identity-like,D14/15,0.00981255187316661,0.0469644200389067,-0.0877535662757487
Pattern4,cell_type,Neutrophil,D14/15,14.5,25,-0.362151303771861,0.0,6,9,10,0.24,0.36,mostly_near_zero,identity-like,D14/15,0.00981255187316661,0.0469644200389067,-0.0877535662757487
Pattern4,cell_type,Neutrophil,D28,28.0,25,0.1926380507867215,0.06087197642326014,10,7,8,0.4,0.28,mostly_near_zero,identity-like,D14/15,0.00981255187316661,0.0469644200389067,-0.0877535662757487
Pattern5,cell_type,Neutrophil,D2,2.0,25,-0.9363229541470176,-0.5751717749143772,3,16,6,0.12,0.64,mostly_down,identity-like,D14/15,0.020907301802552,0.159814675634815,-0.0117378046950792
Pattern5,cell_type,Neutrophil,D4,4.0,25,-0.3223193522360265,-0.2346570342206704,5,12,8,0.2,0.48,mostly_near_zero,identity-like,D14/15,0.020907301802552,0.159814675634815,-0.0117378046950792
Pattern5,cell_type,Neutrophil,D6,6.0,25,0.40782459078797373,0.5398480567535027,13,7,5,0.52,0.28,mostly_near_zero,identity-like,D14/15,0.020907301802552,0.159814675634815,-0.0117378046950792
Pattern5,cell_type,Neutrophil,D8,8.0,25,-0.3645863185570489,-0.43545328682934104,7,16,2,0.28,0.64,mostly_near_zero,identity-like,D14/15,0.020907301802552,0.159814675634815,-0.0117378046950792
Pattern5,cell_type,Neutrophil,D10,10.0,25,0.29931046415819584,0.07859556185157368,12,11,2,0.48,0.44,mixed,identity-like,D14/15,0.020907301802552,0.159814675634815,-0.0117378046950792
Pattern5,cell_type,Neutrophil,D14/15,14.5,25,-1.0976003197800839,0.0,2,10,13,0.08,0.4,mostly_near_zero,identity-like,D14/15,0.020907301802552,0.159814675634815,-0.0117378046950792
Pattern5,cell_type,Neutrophil,D28,28.0,25,-0.11854112167985517,-0.08689751806393109,9,10,6,0.36,0.4,mixed,identity-like,D14/15,0.020907301802552,0.159814675634815,-0.0117378046950792
Pattern6,cell_type,Neutrophil,D2,2.0,25,-0.24079506740508363,-0.2366192836651695,4,12,9,0.16,0.48,mostly_near_zero,identity-like,D28,0.00194351041424414,0.16558707210451,0.0786828398064539
Pattern6,cell_type,Neutrophil,D4,4.0,25,-0.045749032714705186,-0.26896651495701906,7,13,5,0.28,0.52,mostly_near_zero,identity-like,D28,0.00194351041424414,0.16558707210451,0.0786828398064539
Pattern6,cell_type,Neutrophil,D6,6.0,25,0.5881228444211039,0.47190578945048767,16,6,3,0.64,0.24,mostly_near_zero,identity-like,D28,0.00194351041424414,0.16558707210451,0.0786828398064539
Pattern6,cell_type,Neutrophil,D8,8.0,25,0.25505861689623566,0.2613045358633457,13,4,8,0.52,0.16,mostly_near_zero,identity-like,D28,0.00194351041424414,0.16558707210451,0.0786828398064539
Pattern6,cell_type,Neutrophil,D10,10.0,25,1.0330485583992464,1.0326726189546083,17,3,5,0.68,0.12,mostly_up,identity-like,D28,0.00194351041424414,0.16558707210451,0.0786828398064539
Pattern6,cell_type,Neutrophil,D14/15,14.5,25,-1.3406093968473918,-0.614547762628475,7,14,4,0.28,0.56,mostly_near_zero,identity-like,D28,0.00194351041424414,0.16558707210451,0.0786828398064539
Pattern6,cell_type,Neutrophil,D28,28.0,25,0.2566536325453923,0.3228511912446357,14,7,4,0.56,0.28,mostly_near_zero,identity-like,D28,0.00194351041424414,0.16558707210451,0.0786828398064539
Pattern7,cell_type,Neutrophil,D2,2.0,25,-0.32853060925334454,-0.32221630146803015,4,13,8,0.16,0.52,mostly_near_zero,identity-like,D14/15,0.00511289334251585,0.549712893250446,-0.085419574878381
Pattern7,cell_type,Neutrophil,D4,4.0,25,-0.19603414863793595,-0.31995303387482554,5,16,4,0.2,0.64,mostly_down,identity-like,D14/15,0.00511289334251585,0.549712893250446,-0.085419574878381
Pattern7,cell_type,Neutrophil,D6,6.0,25,0.5939431228994282,0.47190578945048767,16,5,4,0.64,0.2,mostly_up,identity-like,D14/15,0.00511289334251585,0.549712893250446,-0.085419574878381
Pattern7,cell_type,Neutrophil,D8,8.0,25,0.04415878699950501,0.02298729443164671,10,7,8,0.4,0.28,mostly_near_zero,identity-like,D14/15,0.00511289334251585,0.549712893250446,-0.085419574878381
Pattern7,cell_type,Neutrophil,D10,10.0,25,0.8985031991508656,1.0597500339192707,16,4,5,0.64,0.16,mostly_up,identity-like,D14/15,0.00511289334251585,0.549712893250446,-0.085419574878381
Pattern7,cell_type,Neutrophil,D14/15,14.5,25,-1.5683699403176066,-0.6927729602093162,7,15,3,0.28,0.6,mostly_near_zero,identity-like,D14/15,0.00511289334251585,0.549712893250446,-0.085419574878381
Pattern7,cell_type,Neutrophil,D28,28.0,25,0.13367719436168685,0.12403281814815958,12,7,6,0.48,0.28,mostly_near_zero,identity-like,D14/15,0.00511289334251585,0.549712893250446,-0.085419574878381
Pattern8,cell_type,Neutrophil,D2,2.0,25,-0.33814391225057444,-0.32221630146803015,2,13,10,0.08,0.52,mostly_near_zero,identity-like,D14/15,0.00321652467152328,0.642289174585567,-0.14916520053419
Pattern8,cell_type,Neutrophil,D4,4.0,25,0.05282296377655462,-0.13751166592924324,8,10,7,0.32,0.4,mixed,identity-like,D14/15,0.00321652467152328,0.642289174585567,-0.14916520053419
Pattern8,cell_type,Neutrophil,D6,6.0,25,0.40791089656368934,0.310545984652856,14,8,3,0.56,0.32,mixed,identity-like,D14/15,0.00321652467152328,0.642289174585567,-0.14916520053419
Pattern8,cell_type,Neutrophil,D8,8.0,25,0.10982320206387981,0.028653175782111795,10,5,10,0.4,0.2,mostly_near_zero,identity-like,D14/15,0.00321652467152328,0.642289174585567,-0.14916520053419
Pattern8,cell_type,Neutrophil,D10,10.0,25,1.0587833228007928,1.1332974815560064,18,2,5,0.72,0.08,mostly_up,identity-like,D14/15,0.00321652467152328,0.642289174585567,-0.14916520053419
Pattern8,cell_type,Neutrophil,D14/15,14.5,25,-1.273133567164288,-0.6927729602093162,7,15,3,0.28,0.6,mostly_near_zero,identity-like,D14/15,0.00321652467152328,0.642289174585567,-0.14916520053419
Pattern8,cell_type,Neutrophil,D28,28.0,25,0.27643399514845085,0.2230120360501724,12,3,10,0.48,0.12,mostly_near_zero,identity-like,D14/15,0.00321652467152328,0.642289174585567,-0.14916520053419
Pattern9,cell_type,Neutrophil,D2,2.0,25,0.007769582076993702,0.07944965415506311,8,8,9,0.32,0.32,mixed,identity-like,D14/15,0.0092421576728893,0.779860868323658,0.203614527233417
Pattern9,cell_type,Neutrophil,D4,4.0,25,0.2540423871777533,-0.12875605551019298,10,9,6,0.4,0.36,mixed,identity-like,D14/15,0.0092421576728893,0.779860868323658,0.203614527233417
Pattern9,cell_type,Neutrophil,D6,6.0,25,0.8941193965394365,0.8762771460911538,19,4,2,0.76,0.16,mostly_up,identity-like,D14/15,0.0092421576728893,0.779860868323658,0.203614527233417
Pattern9,cell_type,Neutrophil,D8,8.0,25,0.352851306193682,0.2613045358633457,13,4,8,0.52,0.16,mostly_near_zero,identity-like,D14/15,0.0092421576728893,0.779860868323658,0.203614527233417
Pattern9,cell_type,Neutrophil,D10,10.0,25,1.1863512845330515,1.243643949039309,17,4,4,0.68,0.16,mostly_up,identity-like,D14/15,0.0092421576728893,0.779860868323658,0.203614527233417
Pattern9,cell_type,Neutrophil,D14/15,14.5,25,-1.6182712384691076,-1.226693938289305,4,16,5,0.16,0.64,mostly_down,identity-like,D14/15,0.0092421576728893,0.779860868323658,0.203614527233417
Pattern9,cell_type,Neutrophil,D28,28.0,25,0.7104755154208453,0.41415205202990757,18,1,6,0.72,0.04,mostly_up,identity-like,D14/15,0.0092421576728893,0.779860868323658,0.203614527233417
Pattern1,cell_type,Plasmablast,D2,2.0,25,0.04004072643430374,0.11250809282208311,4,3,18,0.16,0.12,mostly_near_zero,identity-like,D6,0.0194995106417388,0.163340379701848,-0.074088138126735
Pattern1,cell_type,Plasmablast,D4,4.0,25,0.11372458250584781,0.14908735188133715,1,1,23,0.04,0.04,mostly_near_zero,identity-like,D6,0.0194995106417388,0.163340379701848,-0.074088138126735
Pattern1,cell_type,Plasmablast,D6,6.0,25,-0.1250783992785914,-0.02089086722838296,0,6,19,0.0,0.24,mostly_near_zero,identity-like,D6,0.0194995106417388,0.163340379701848,-0.074088138126735
Pattern1,cell_type,Plasmablast,D8,8.0,25,-0.14117793960974562,-0.05857502285802241,0,4,21,0.0,0.16,mostly_near_zero,identity-like,D6,0.0194995106417388,0.163340379701848,-0.074088138126735
Pattern1,cell_type,Plasmablast,D10,10.0,25,-0.21405084477126615,-0.24511642484673266,2,12,11,0.08,0.48,mostly_near_zero,identity-like,D6,0.0194995106417388,0.163340379701848,-0.074088138126735
Pattern1,cell_type,Plasmablast,D14/15,14.5,25,-0.7265584738697057,-0.5906066034186027,0,19,6,0.0,0.76,mostly_down,identity-like,D6,0.0194995106417388,0.163340379701848,-0.074088138126735
Pattern1,cell_type,Plasmablast,D28,28.0,25,0.08013411700508648,0.18283011511603853,8,3,14,0.32,0.12,mostly_near_zero,identity-like,D6,0.0194995106417388,0.163340379701848,-0.074088138126735
Pattern10,cell_type,Plasmablast,D2,2.0,25,0.196796472393903,0.20778738828484755,6,0,19,0.24,0.0,mostly_near_zero,identity-like,D0,0.00941045031180752,0.911549622004823,-0.174733943817074
Pattern10,cell_type,Plasmablast,D4,4.0,25,0.15966239062574503,0.18813115156038052,4,0,21,0.16,0.0,mostly_near_zero,identity-like,D0,0.00941045031180752,0.911549622004823,-0.174733943817074
Pattern10,cell_type,Plasmablast,D6,6.0,25,0.018144317300865253,0.0029094412675435186,1,1,23,0.04,0.04,mostly_near_zero,identity-like,D0,0.00941045031180752,0.911549622004823,-0.174733943817074
Pattern10,cell_type,Plasmablast,D8,8.0,25,-0.04178775756217166,-0.05047616564598911,0,2,23,0.0,0.08,mostly_near_zero,identity-like,D0,0.00941045031180752,0.911549622004823,-0.174733943817074
Pattern10,cell_type,Plasmablast,D10,10.0,25,-0.1405864714050581,-0.20552921559312645,2,11,12,0.08,0.44,mostly_near_zero,identity-like,D0,0.00941045031180752,0.911549622004823,-0.174733943817074
Pattern10,cell_type,Plasmablast,D14/15,14.5,25,-0.6250189535810621,-0.5906066034186027,0,19,6,0.0,0.76,mostly_down,identity-like,D0,0.00941045031180752,0.911549622004823,-0.174733943817074
Pattern10,cell_type,Plasmablast,D28,28.0,25,0.1858654969215383,0.20816446033000466,7,0,18,0.28,0.0,mostly_near_zero,identity-like,D0,0.00941045031180752,0.911549622004823,-0.174733943817074
Pattern2,cell_type,Plasmablast,D2,2.0,25,0.07571330848855498,0.12211475023162659,5,2,18,0.2,0.08,mostly_near_zero,identity-like,D0,0.00619947836603865,0.499898963394282,-0.150858642749624
Pattern2,cell_type,Plasmablast,D4,4.0,25,0.1619175911581139,0.17184001014604355,3,0,22,0.12,0.0,mostly_near_zero,identity-like,D0,0.00619947836603865,0.499898963394282,-0.150858642749624
Pattern2,cell_type,Plasmablast,D6,6.0,25,-0.23178560968582107,-0.07764538759942674,1,8,16,0.04,0.32,mostly_near_zero,identity-like,D0,0.00619947836603865,0.499898963394282,-0.150858642749624
Pattern2,cell_type,Plasmablast,D8,8.0,25,-0.2469504776061301,-0.11456020882917291,0,8,17,0.0,0.32,mostly_near_zero,identity-like,D0,0.00619947836603865,0.499898963394282,-0.150858642749624
Pattern2,cell_type,Plasmablast,D10,10.0,25,-0.054485188905310074,-0.15147546117943378,5,10,10,0.2,0.4,mostly_near_zero,identity-like,D0,0.00619947836603865,0.499898963394282,-0.150858642749624
Pattern2,cell_type,Plasmablast,D14/15,14.5,25,-0.8216171142528863,-0.8318711449669683,0,22,3,0.0,0.88,mostly_down,identity-like,D0,0.00619947836603865,0.499898963394282,-0.150858642749624
Pattern2,cell_type,Plasmablast,D28,28.0,25,-0.03290471963924404,0.05113751414105394,4,6,15,0.16,0.24,mostly_near_zero,identity-like,D0,0.00619947836603865,0.499898963394282,-0.150858642749624
Pattern3,cell_type,Plasmablast,D2,2.0,25,-0.09714596764648994,0.005190675698001949,3,8,14,0.12,0.32,mostly_near_zero,activity-like,D10,0.454036194393983,0.164629605915765,0.75600666168997
Pattern3,cell_type,Plasmablast,D4,4.0,25,-0.22963984904400384,-0.09041889056718322,1,10,14,0.04,0.4,mostly_near_zero,activity-like,D10,0.454036194393983,0.164629605915765,0.75600666168997
Pattern3,cell_type,Plasmablast,D6,6.0,25,-0.45426421686265833,-0.24756782069192518,2,12,11,0.08,0.48,mostly_near_zero,activity-like,D10,0.454036194393983,0.164629605915765,0.75600666168997
Pattern3,cell_type,Plasmablast,D8,8.0,25,0.08649431748234129,0.03428536807675098,6,4,15,0.24,0.16,mostly_near_zero,activity-like,D10,0.454036194393983,0.164629605915765,0.75600666168997
Pattern3,cell_type,Plasmablast,D10,10.0,25,1.6747332795647092,1.3314875570675557,21,1,3,0.84,0.04,mostly_up,activity-like,D10,0.454036194393983,0.164629605915765,0.75600666168997
Pattern3,cell_type,Plasmablast,D14/15,14.5,25,1.0257751490871962,0.5552969403685539,16,5,4,0.64,0.2,mostly_up,activity-like,D10,0.454036194393983,0.164629605915765,0.75600666168997
Pattern3,cell_type,Plasmablast,D28,28.0,25,0.09865912099799078,0.1565990366686615,9,5,11,0.36,0.2,mostly_near_zero,activity-like,D10,0.454036194393983,0.164629605915765,0.75600666168997
Pattern4,cell_type,Plasmablast,D2,2.0,25,0.3562339390705776,0.26313577551468076,14,0,11,0.56,0.0,mostly_near_zero,identity-like,D14/15,0.00981255187316661,0.0469644200389067,-0.0877535662757487
Pattern4,cell_type,Plasmablast,D4,4.0,25,0.23052137316030816,0.23286433083902214,12,1,12,0.48,0.04,mostly_near_zero,identity-like,D14/15,0.00981255187316661,0.0469644200389067,-0.0877535662757487
Pattern4,cell_type,Plasmablast,D6,6.0,25,-0.024497285800800364,0.05223185105926712,4,4,17,0.16,0.16,mostly_near_zero,identity-like,D14/15,0.00981255187316661,0.0469644200389067,-0.0877535662757487
Pattern4,cell_type,Plasmablast,D8,8.0,25,-0.21456783335652355,-0.19416475451044235,0,9,16,0.0,0.36,mostly_near_zero,identity-like,D14/15,0.00981255187316661,0.0469644200389067,-0.0877535662757487
Pattern4,cell_type,Plasmablast,D10,10.0,25,0.12973482845532916,0.12297951510822121,8,5,12,0.32,0.2,mostly_near_zero,identity-like,D14/15,0.00981255187316661,0.0469644200389067,-0.0877535662757487
Pattern4,cell_type,Plasmablast,D14/15,14.5,25,-0.4164476694520692,-0.4516012857605922,3,18,4,0.12,0.72,mostly_down,identity-like,D14/15,0.00981255187316661,0.0469644200389067,-0.0877535662757487
Pattern4,cell_type,Plasmablast,D28,28.0,25,0.24347570752461428,0.25592169404303,13,2,10,0.52,0.08,mostly_near_zero,identity-like,D14/15,0.00981255187316661,0.0469644200389067,-0.0877535662757487
Pattern5,cell_type,Plasmablast,D2,2.0,25,0.09449862426273725,0.06411227817521829,3,1,21,0.12,0.04,mostly_near_zero,identity-like,D14/15,0.020907301802552,0.159814675634815,-0.0117378046950792
Pattern5,cell_type,Plasmablast,D4,4.0,25,-0.011034265078952145,-0.021094907773272276,4,3,18,0.16,0.12,mostly_near_zero,identity-like,D14/15,0.020907301802552,0.159814675634815,-0.0117378046950792
Pattern5,cell_type,Plasmablast,D6,6.0,25,0.056533146005078666,0.08134438240894977,4,2,19,0.16,0.08,mostly_near_zero,identity-like,D14/15,0.020907301802552,0.159814675634815,-0.0117378046950792
Pattern5,cell_type,Plasmablast,D8,8.0,25,-0.03243213674486663,0.042986845961439236,2,6,17,0.08,0.24,mostly_near_zero,identity-like,D14/15,0.020907301802552,0.159814675634815,-0.0117378046950792
Pattern5,cell_type,Plasmablast,D10,10.0,25,0.10005786927000682,0.0364221320162977,5,3,17,0.2,0.12,mostly_near_zero,identity-like,D14/15,0.020907301802552,0.159814675634815,-0.0117378046950792
Pattern5,cell_type,Plasmablast,D14/15,14.5,25,-0.26332383680755467,-0.33622185143923683,4,15,6,0.16,0.6,mostly_down,identity-like,D14/15,0.020907301802552,0.159814675634815,-0.0117378046950792
Pattern5,cell_type,Plasmablast,D28,28.0,25,0.08757999583174998,0.22057401989618755,12,5,8,0.48,0.2,mostly_near_zero,identity-like,D14/15,0.020907301802552,0.159814675634815,-0.0117378046950792
Pattern6,cell_type,Plasmablast,D2,2.0,25,0.12656440351004444,0.12781032457072192,4,2,19,0.16,0.08,mostly_near_zero,identity-like,D28,0.00194351041424414,0.16558707210451,0.0786828398064539
Pattern6,cell_type,Plasmablast,D4,4.0,25,0.10452348342544225,0.14908735188133715,4,2,19,0.16,0.08,mostly_near_zero,identity-like,D28,0.00194351041424414,0.16558707210451,0.0786828398064539
Pattern6,cell_type,Plasmablast,D6,6.0,25,0.05502753763693506,-0.015054687715304974,4,2,19,0.16,0.08,mostly_near_zero,identity-like,D28,0.00194351041424414,0.16558707210451,0.0786828398064539
Pattern6,cell_type,Plasmablast,D8,8.0,25,-0.07956489035638788,-0.056361611870242356,0,3,22,0.0,0.12,mostly_near_zero,identity-like,D28,0.00194351041424414,0.16558707210451,0.0786828398064539
Pattern6,cell_type,Plasmablast,D10,10.0,25,-0.15204924137501638,-0.20552921559312645,4,11,10,0.16,0.44,mostly_near_zero,identity-like,D28,0.00194351041424414,0.16558707210451,0.0786828398064539
Pattern6,cell_type,Plasmablast,D14/15,14.5,25,-0.31931351298783267,-0.34076268142556226,2,16,7,0.08,0.64,mostly_down,identity-like,D28,0.00194351041424414,0.16558707210451,0.0786828398064539
Pattern6,cell_type,Plasmablast,D28,28.0,25,0.19863876767508415,0.20816446033000466,8,0,17,0.32,0.0,mostly_near_zero,identity-like,D28,0.00194351041424414,0.16558707210451,0.0786828398064539
Pattern7,cell_type,Plasmablast,D2,2.0,25,0.10752739052885625,0.15187088093960513,4,1,20,0.16,0.04,mostly_near_zero,identity-like,D14/15,0.00511289334251585,0.549712893250446,-0.085419574878381
Pattern7,cell_type,Plasmablast,D4,4.0,25,0.09526038609136091,0.13396403604813045,1,0,24,0.04,0.0,mostly_near_zero,identity-like,D14/15,0.00511289334251585,0.549712893250446,-0.085419574878381
Pattern7,cell_type,Plasmablast,D6,6.0,25,-0.018635928852047564,-0.01891903460105541,1,3,21,0.04,0.12,mostly_near_zero,identity-like,D14/15,0.00511289334251585,0.549712893250446,-0.085419574878381
Pattern7,cell_type,Plasmablast,D8,8.0,25,-0.06525120303273753,-0.05655489506496991,1,3,21,0.04,0.12,mostly_near_zero,identity-like,D14/15,0.00511289334251585,0.549712893250446,-0.085419574878381
Pattern7,cell_type,Plasmablast,D10,10.0,25,-0.06219151807096212,-0.07796278996469042,4,9,12,0.16,0.36,mostly_near_zero,identity-like,D14/15,0.00511289334251585,0.549712893250446,-0.085419574878381
Pattern7,cell_type,Plasmablast,D14/15,14.5,25,-0.47642412261731587,-0.46417336570905476,1,18,6,0.04,0.72,mostly_down,identity-like,D14/15,0.00511289334251585,0.549712893250446,-0.085419574878381
Pattern7,cell_type,Plasmablast,D28,28.0,25,0.1891373890631364,0.2160052616664204,9,0,16,0.36,0.0,mostly_near_zero,identity-like,D14/15,0.00511289334251585,0.549712893250446,-0.085419574878381
Pattern8,cell_type,Plasmablast,D2,2.0,25,0.09177772995185723,0.12211475023162659,4,1,20,0.16,0.04,mostly_near_zero,identity-like,D14/15,0.00321652467152328,0.642289174585567,-0.14916520053419
Pattern8,cell_type,Plasmablast,D4,4.0,25,0.12898635724282262,0.16259785071773436,3,1,21,0.12,0.04,mostly_near_zero,identity-like,D14/15,0.00321652467152328,0.642289174585567,-0.14916520053419
Pattern8,cell_type,Plasmablast,D6,6.0,25,-0.1999735364955068,-0.07764538759942674,2,7,16,0.08,0.28,mostly_near_zero,identity-like,D14/15,0.00321652467152328,0.642289174585567,-0.14916520053419
Pattern8,cell_type,Plasmablast,D8,8.0,25,-0.23031018654298654,-0.10916636425724668,0,7,18,0.0,0.28,mostly_near_zero,identity-like,D14/15,0.00321652467152328,0.642289174585567,-0.14916520053419
Pattern8,cell_type,Plasmablast,D10,10.0,25,-0.015844625658816194,0.017505553789204004,7,9,9,0.28,0.36,mostly_near_zero,identity-like,D14/15,0.00321652467152328,0.642289174585567,-0.14916520053419
Pattern8,cell_type,Plasmablast,D14/15,14.5,25,-0.7206963232435841,-0.5906066034186027,0,20,5,0.0,0.8,mostly_down,identity-like,D14/15,0.00321652467152328,0.642289174585567,-0.14916520053419
Pattern8,cell_type,Plasmablast,D28,28.0,25,0.0853873930657026,0.1565990366686615,6,2,17,0.24,0.08,mostly_near_zero,identity-like,D14/15,0.00321652467152328,0.642289174585567,-0.14916520053419
Pattern9,cell_type,Plasmablast,D2,2.0,25,0.13940698766601872,0.12211475023162659,6,3,16,0.24,0.12,mostly_near_zero,identity-like,D14/15,0.0092421576728893,0.779860868323658,0.203614527233417
Pattern9,cell_type,Plasmablast,D4,4.0,25,0.36262022041111786,0.19753889349132425,7,1,17,0.28,0.04,mostly_near_zero,identity-like,D14/15,0.0092421576728893,0.779860868323658,0.203614527233417
Pattern9,cell_type,Plasmablast,D6,6.0,25,0.09248254891970666,-0.02089086722838296,3,3,19,0.12,0.12,mostly_near_zero,identity-like,D14/15,0.0092421576728893,0.779860868323658,0.203614527233417
Pattern9,cell_type,Plasmablast,D8,8.0,25,-0.004412426507506711,-0.03437628112583783,5,2,18,0.2,0.08,mostly_near_zero,identity-like,D14/15,0.0092421576728893,0.779860868323658,0.203614527233417
Pattern9,cell_type,Plasmablast,D10,10.0,25,0.4115098709187454,0.20471326642159818,10,7,8,0.4,0.28,mostly_near_zero,identity-like,D14/15,0.0092421576728893,0.779860868323658,0.203614527233417
Pattern9,cell_type,Plasmablast,D14/15,14.5,25,-0.0021446094283619076,-0.34076268142556226,4,14,7,0.16,0.56,mostly_near_zero,identity-like,D14/15,0.0092421576728893,0.779860868323658,0.203614527233417
Pattern9,cell_type,Plasmablast,D28,28.0,25,0.3901193141004811,0.20816446033000466,9,1,15,0.36,0.04,mostly_near_zero,identity-like,D14/15,0.0092421576728893,0.779860868323658,0.203614527233417
Pattern1,cell_type,T_cell,D2,2.0,25,-0.04767916007323972,-0.019064891014286545,0,1,24,0.0,0.04,mostly_near_zero,identity-like,D6,0.0194995106417388,0.163340379701848,-0.074088138126735
Pattern1,cell_type,T_cell,D4,4.0,25,-0.13990070867013293,-0.10599062361211864,0,4,21,0.0,0.16,mostly_near_zero,identity-like,D6,0.0194995106417388,0.163340379701848,-0.074088138126735
Pattern1,cell_type,T_cell,D6,6.0,25,-0.03773009927550254,-0.029412477393049603,0,0,25,0.0,0.0,mostly_near_zero,identity-like,D6,0.0194995106417388,0.163340379701848,-0.074088138126735
Pattern1,cell_type,T_cell,D8,8.0,25,-0.07310765348203954,-0.04767051818558817,0,1,24,0.0,0.04,mostly_near_zero,identity-like,D6,0.0194995106417388,0.163340379701848,-0.074088138126735
Pattern1,cell_type,T_cell,D10,10.0,25,-0.27226793055053006,-0.27491953294439914,1,15,9,0.04,0.6,mostly_down,identity-like,D6,0.0194995106417388,0.163340379701848,-0.074088138126735
Pattern1,cell_type,T_cell,D14/15,14.5,25,-0.24282900348948322,-0.2556212686144086,4,13,8,0.16,0.52,mostly_near_zero,identity-like,D6,0.0194995106417388,0.163340379701848,-0.074088138126735
Pattern1,cell_type,T_cell,D28,28.0,25,-0.15790300995598508,-0.20319076864895655,0,7,18,0.0,0.28,mostly_near_zero,identity-like,D6,0.0194995106417388,0.163340379701848,-0.074088138126735
Pattern10,cell_type,T_cell,D2,2.0,25,0.00988348171407735,0.019313998105918273,0,0,25,0.0,0.0,mostly_near_zero,identity-like,D0,0.00941045031180752,0.911549622004823,-0.174733943817074
Pattern10,cell_type,T_cell,D4,4.0,25,-0.07913329449868606,-0.07319736984957714,0,0,25,0.0,0.0,mostly_near_zero,identity-like,D0,0.00941045031180752,0.911549622004823,-0.174733943817074
Pattern10,cell_type,T_cell,D6,6.0,25,-0.035567262906491544,-0.027720422274241468,0,0,25,0.0,0.0,mostly_near_zero,identity-like,D0,0.00941045031180752,0.911549622004823,-0.174733943817074
Pattern10,cell_type,T_cell,D8,8.0,25,-0.04730252754261894,-0.04767051818558817,0,1,24,0.0,0.04,mostly_near_zero,identity-like,D0,0.00941045031180752,0.911549622004823,-0.174733943817074
Pattern10,cell_type,T_cell,D10,10.0,25,-0.14060497823273713,-0.22076874581813577,6,12,7,0.24,0.48,mostly_near_zero,identity-like,D0,0.00941045031180752,0.911549622004823,-0.174733943817074
Pattern10,cell_type,T_cell,D14/15,14.5,25,-0.13344139413815842,-0.23112962705006504,8,12,5,0.32,0.48,mixed,identity-like,D0,0.00941045031180752,0.911549622004823,-0.174733943817074
Pattern10,cell_type,T_cell,D28,28.0,25,-0.11230071272678377,-0.16647590973923165,3,9,13,0.12,0.36,mostly_near_zero,identity-like,D0,0.00941045031180752,0.911549622004823,-0.174733943817074
Pattern2,cell_type,T_cell,D2,2.0,25,-0.04636313982699559,-0.02982251953120733,1,2,22,0.04,0.08,mostly_near_zero,identity-like,D0,0.00619947836603865,0.499898963394282,-0.150858642749624
Pattern2,cell_type,T_cell,D4,4.0,25,-0.13754110425818497,-0.10599062361211864,0,6,19,0.0,0.24,mostly_near_zero,identity-like,D0,0.00619947836603865,0.499898963394282,-0.150858642749624
Pattern2,cell_type,T_cell,D6,6.0,25,-0.027473654830188706,-0.028462676966382716,1,0,24,0.04,0.0,mostly_near_zero,identity-like,D0,0.00619947836603865,0.499898963394282,-0.150858642749624
Pattern2,cell_type,T_cell,D8,8.0,25,-0.059229034610418826,-0.06361969002021661,1,1,23,0.04,0.04,mostly_near_zero,identity-like,D0,0.00619947836603865,0.499898963394282,-0.150858642749624
Pattern2,cell_type,T_cell,D10,10.0,25,-0.0766603484525063,-0.1964809900041272,6,9,10,0.24,0.36,mostly_near_zero,identity-like,D0,0.00619947836603865,0.499898963394282,-0.150858642749624
Pattern2,cell_type,T_cell,D14/15,14.5,25,-0.05020535960939949,-0.15474754784052389,9,10,6,0.36,0.4,mixed,identity-like,D0,0.00619947836603865,0.499898963394282,-0.150858642749624
Pattern2,cell_type,T_cell,D28,28.0,25,-0.07870780973231702,-0.022763311978057033,2,7,16,0.08,0.28,mostly_near_zero,identity-like,D0,0.00619947836603865,0.499898963394282,-0.150858642749624
Pattern3,cell_type,T_cell,D2,2.0,25,-0.09225015061479319,-0.03437090901201737,0,5,20,0.0,0.2,mostly_near_zero,activity-like,D10,0.454036194393983,0.164629605915765,0.75600666168997
Pattern3,cell_type,T_cell,D4,4.0,25,-0.3110150412667729,-0.21773289268803828,0,10,15,0.0,0.4,mostly_near_zero,activity-like,D10,0.454036194393983,0.164629605915765,0.75600666168997
Pattern3,cell_type,T_cell,D6,6.0,25,-0.15130507292225934,-0.09314272808000812,0,6,19,0.0,0.24,mostly_near_zero,activity-like,D10,0.454036194393983,0.164629605915765,0.75600666168997
Pattern3,cell_type,T_cell,D8,8.0,25,-0.01006409437243016,0.03870790126855125,0,1,24,0.0,0.04,mostly_near_zero,activity-like,D10,0.454036194393983,0.164629605915765,0.75600666168997
Pattern3,cell_type,T_cell,D10,10.0,25,1.6459822997017435,1.2257450181046352,21,0,4,0.84,0.0,mostly_up,activity-like,D10,0.454036194393983,0.164629605915765,0.75600666168997
Pattern3,cell_type,T_cell,D14/15,14.5,25,1.4645244447493726,1.1640150037948114,23,0,2,0.92,0.0,mostly_up,activity-like,D10,0.454036194393983,0.164629605915765,0.75600666168997
Pattern3,cell_type,T_cell,D28,28.0,25,-0.018170646422770803,0.05133810204406982,2,4,19,0.08,0.16,mostly_near_zero,activity-like,D10,0.454036194393983,0.164629605915765,0.75600666168997
Pattern4,cell_type,T_cell,D2,2.0,25,0.09029532862981922,0.031784178348257086,5,0,20,0.2,0.0,mostly_near_zero,identity-like,D14/15,0.00981255187316661,0.0469644200389067,-0.0877535662757487
Pattern4,cell_type,T_cell,D4,4.0,25,-0.052886264439761764,-0.07853954865161406,1,0,24,0.04,0.0,mostly_near_zero,identity-like,D14/15,0.00981255187316661,0.0469644200389067,-0.0877535662757487
Pattern4,cell_type,T_cell,D6,6.0,25,-0.02014617401513463,-0.02342651361943145,0,0,25,0.0,0.0,mostly_near_zero,identity-like,D14/15,0.00981255187316661,0.0469644200389067,-0.0877535662757487
Pattern4,cell_type,T_cell,D8,8.0,25,-0.03355708213830906,-0.041974718027011804,0,1,24,0.0,0.04,mostly_near_zero,identity-like,D14/15,0.00981255187316661,0.0469644200389067,-0.0877535662757487
Pattern4,cell_type,T_cell,D10,10.0,25,-0.16590981286232423,-0.21525108187546138,1,10,14,0.04,0.4,mostly_near_zero,identity-like,D14/15,0.00981255187316661,0.0469644200389067,-0.0877535662757487
Pattern4,cell_type,T_cell,D14/15,14.5,25,0.00034125853880472706,0.04388245227250979,8,5,12,0.32,0.2,mostly_near_zero,identity-like,D14/15,0.00981255187316661,0.0469644200389067,-0.0877535662757487
Pattern4,cell_type,T_cell,D28,28.0,25,-0.05548535781361681,-0.08792303267886876,3,4,18,0.12,0.16,mostly_near_zero,identity-like,D14/15,0.00981255187316661,0.0469644200389067,-0.0877535662757487
Pattern5,cell_type,T_cell,D2,2.0,25,-0.059971686245585486,-0.04436706675012717,0,0,25,0.0,0.0,mostly_near_zero,identity-like,D14/15,0.020907301802552,0.159814675634815,-0.0117378046950792
Pattern5,cell_type,T_cell,D4,4.0,25,-0.12854117052475084,-0.12248567217125424,0,1,24,0.0,0.04,mostly_near_zero,identity-like,D14/15,0.020907301802552,0.159814675634815,-0.0117378046950792
Pattern5,cell_type,T_cell,D6,6.0,25,-0.050244426378074365,-0.04507371923570395,0,0,25,0.0,0.0,mostly_near_zero,identity-like,D14/15,0.020907301802552,0.159814675634815,-0.0117378046950792
Pattern5,cell_type,T_cell,D8,8.0,25,-0.03325482260801311,-0.04287452794315113,0,0,25,0.0,0.0,mostly_near_zero,identity-like,D14/15,0.020907301802552,0.159814675634815,-0.0117378046950792
Pattern5,cell_type,T_cell,D10,10.0,25,-0.058801692335891255,-0.0630052518140835,1,5,19,0.04,0.2,mostly_near_zero,identity-like,D14/15,0.020907301802552,0.159814675634815,-0.0117378046950792
Pattern5,cell_type,T_cell,D14/15,14.5,25,0.3254214142610357,0.355507046544556,18,0,7,0.72,0.0,mostly_up,identity-like,D14/15,0.020907301802552,0.159814675634815,-0.0117378046950792
Pattern5,cell_type,T_cell,D28,28.0,25,-0.03822472075663733,-0.04992063424774843,0,1,24,0.0,0.04,mostly_near_zero,identity-like,D14/15,0.020907301802552,0.159814675634815,-0.0117378046950792
Pattern6,cell_type,T_cell,D2,2.0,25,0.01656935767246093,0.01917779860911691,1,0,24,0.04,0.0,mostly_near_zero,identity-like,D28,0.00194351041424414,0.16558707210451,0.0786828398064539
Pattern6,cell_type,T_cell,D4,4.0,25,-0.06345987249154696,-0.07319736984957714,1,0,24,0.04,0.0,mostly_near_zero,identity-like,D28,0.00194351041424414,0.16558707210451,0.0786828398064539
Pattern6,cell_type,T_cell,D6,6.0,25,-0.02375014689506164,-0.023648949018150844,0,0,25,0.0,0.0,mostly_near_zero,identity-like,D28,0.00194351041424414,0.16558707210451,0.0786828398064539
Pattern6,cell_type,T_cell,D8,8.0,25,-0.05799506255590612,-0.04767051818558817,0,1,24,0.0,0.04,mostly_near_zero,identity-like,D28,0.00194351041424414,0.16558707210451,0.0786828398064539
Pattern6,cell_type,T_cell,D10,10.0,25,-0.19241262963011374,-0.22076874581813577,3,12,10,0.12,0.48,mostly_near_zero,identity-like,D28,0.00194351041424414,0.16558707210451,0.0786828398064539
Pattern6,cell_type,T_cell,D14/15,14.5,25,-0.10447195602014643,-0.1762778300680523,7,11,7,0.28,0.44,mostly_near_zero,identity-like,D28,0.00194351041424414,0.16558707210451,0.0786828398064539
Pattern6,cell_type,T_cell,D28,28.0,25,-0.12772519415072453,-0.15039930603674753,2,8,15,0.08,0.32,mostly_near_zero,identity-like,D28,0.00194351041424414,0.16558707210451,0.0786828398064539
Pattern7,cell_type,T_cell,D2,2.0,25,-0.019967337401127973,-0.0016532972817824287,0,1,24,0.0,0.04,mostly_near_zero,identity-like,D14/15,0.00511289334251585,0.549712893250446,-0.085419574878381
Pattern7,cell_type,T_cell,D4,4.0,25,-0.11163747772453547,-0.09154890093696129,0,3,22,0.0,0.12,mostly_near_zero,identity-like,D14/15,0.00511289334251585,0.549712893250446,-0.085419574878381
Pattern7,cell_type,T_cell,D6,6.0,25,-0.055915004253748915,-0.04395802079938586,0,1,24,0.0,0.04,mostly_near_zero,identity-like,D14/15,0.00511289334251585,0.549712893250446,-0.085419574878381
Pattern7,cell_type,T_cell,D8,8.0,25,-0.09348392298866051,-0.08104797814213545,0,1,24,0.0,0.04,mostly_near_zero,identity-like,D14/15,0.00511289334251585,0.549712893250446,-0.085419574878381
Pattern7,cell_type,T_cell,D10,10.0,25,-0.2426697205827919,-0.3076205829939849,2,15,8,0.08,0.6,mostly_down,identity-like,D14/15,0.00511289334251585,0.549712893250446,-0.085419574878381
Pattern7,cell_type,T_cell,D14/15,14.5,25,-0.23703135644116102,-0.2841084685442947,5,14,6,0.2,0.56,mostly_near_zero,identity-like,D14/15,0.00511289334251585,0.549712893250446,-0.085419574878381
Pattern7,cell_type,T_cell,D28,28.0,25,-0.2260935254273303,-0.20830368566855326,0,11,14,0.0,0.44,mostly_near_zero,identity-like,D14/15,0.00511289334251585,0.549712893250446,-0.085419574878381
Pattern8,cell_type,T_cell,D2,2.0,25,-0.0117871753579335,-0.007538754479157935,1,1,23,0.04,0.04,mostly_near_zero,identity-like,D14/15,0.00321652467152328,0.642289174585567,-0.14916520053419
Pattern8,cell_type,T_cell,D4,4.0,25,-0.10320971125037603,-0.10599062361211864,0,2,23,0.0,0.08,mostly_near_zero,identity-like,D14/15,0.00321652467152328,0.642289174585567,-0.14916520053419
Pattern8,cell_type,T_cell,D6,6.0,25,-0.020430805247654837,-0.028462676966382716,1,0,24,0.04,0.0,mostly_near_zero,identity-like,D14/15,0.00321652467152328,0.642289174585567,-0.14916520053419
Pattern8,cell_type,T_cell,D8,8.0,25,-0.03934044826910431,-0.041974718027011804,1,1,23,0.04,0.04,mostly_near_zero,identity-like,D14/15,0.00321652467152328,0.642289174585567,-0.14916520053419
Pattern8,cell_type,T_cell,D10,10.0,25,-0.0645573393412266,-0.11584325049544535,5,9,11,0.2,0.36,mostly_near_zero,identity-like,D14/15,0.00321652467152328,0.642289174585567,-0.14916520053419
Pattern8,cell_type,T_cell,D14/15,14.5,25,-0.003969305463690553,-0.006319373422272179,8,7,10,0.32,0.28,mostly_near_zero,identity-like,D14/15,0.00321652467152328,0.642289174585567,-0.14916520053419
Pattern8,cell_type,T_cell,D28,28.0,25,-0.03286330988471055,-0.00962631165764686,3,6,16,0.12,0.24,mostly_near_zero,identity-like,D14/15,0.00321652467152328,0.642289174585567,-0.14916520053419
Pattern9,cell_type,T_cell,D2,2.0,25,0.03482472510879601,0.01917779860911691,2,0,23,0.08,0.0,mostly_near_zero,identity-like,D14/15,0.0092421576728893,0.779860868323658,0.203614527233417
Pattern9,cell_type,T_cell,D4,4.0,25,-0.10470568028144425,-0.09888135792450707,0,2,23,0.0,0.08,mostly_near_zero,identity-like,D14/15,0.0092421576728893,0.779860868323658,0.203614527233417
Pattern9,cell_type,T_cell,D6,6.0,25,-0.020444979156039714,-0.02852904551820205,0,0,25,0.0,0.0,mostly_near_zero,identity-like,D14/15,0.0092421576728893,0.779860868323658,0.203614527233417
Pattern9,cell_type,T_cell,D8,8.0,25,0.0013321832096701387,-0.014057870482145537,2,1,22,0.08,0.04,mostly_near_zero,identity-like,D14/15,0.0092421576728893,0.779860868323658,0.203614527233417
Pattern9,cell_type,T_cell,D10,10.0,25,-0.0028065482513236527,0.01867074662855413,5,8,12,0.2,0.32,mostly_near_zero,identity-like,D14/15,0.0092421576728893,0.779860868323658,0.203614527233417
Pattern9,cell_type,T_cell,D14/15,14.5,25,0.1097384616675088,0.18259828777414752,10,8,7,0.4,0.32,mixed,identity-like,D14/15,0.0092421576728893,0.779860868323658,0.203614527233417
Pattern9,cell_type,T_cell,D28,28.0,25,-0.0027242650554908355,-0.00705158073852689,5,7,13,0.2,0.28,mostly_near_zero,identity-like,D14/15,0.0092421576728893,0.779860868323658,0.203614527233417
